nflId,height,weight,birthDate,collegeName,position,displayName
2539334,72,190,9/10/1990,Washington,CB,Desmond Trufant
2539653,70,186,11/1/1988,Southeastern Louisiana,CB,Robert Alford
2543850,69,186,12/18/1991,Purdue,SS,Ricardo Allen
2555162,73,227,11/4/1994,Louisiana State,MLB,Deion Jones
2555255,75,232,7/1/1993,Minnesota,OLB,De'Vondre Campbell
2555543,73,216,7/26/1995,Florida,FS,Keanu Neal
2556445,70,211,10/20/1992,Florida,CB,Brian Poole
2507763,72,200,8/1/1986,Mississippi,WR,Mike Wallace
2532842,78,243,1/20/1989,Arizona,QB,Nick Foles
2540158,77,250,11/10/1990,Stanford,TE,Zach Ertz
2552582,72,223,6/15/1993,Boise State,RB,Jay Ajayi
2552600,72,198,5/24/1993,Southern California,WR,Nelson Agholor
2553502,68,190,4/10/1993,Sacramento State,WR,DeAndre Carter
2552301,75,246,7/8/1992,Clemson,DE,Vic Beasley
2506467,66,190,6/20/1983,Kansas State,RB,Darren Sproles
2557967,73,230,8/9/1994,Louisiana State,OLB,Duke Riley
2558184,71,190,6/5/1993,San Diego State,SS,Damontae Kazee
2560995,77,256,1/3/1995,South Dakota State,TE,Dallas Goedert
2559150,70,220,11/2/1994,Wisconsin,RB,Corey Clement
310,76,217,5/17/1985,Boston College,QB,Matt Ryan
2495454,75,220,2/8/1989,Alabama,WR,Julio Jones
2507828,77,268,2/26/1987,UCLA,TE,Logan Paulsen
2552453,73,210,4/16/1993,Indiana,RB,Tevin Coleman
2555415,76,254,10/29/1994,Stanford,TE,Austin Hooper
2558023,77,253,5/1/1994,Drake,TE,Eric Saubert
79848,72,204,12/20/1987,Ohio State,SS,Malcolm Jenkins
2534832,70,195,6/23/1990,Virginia,FS,Rodney McLeod
2552315,73,236,6/27/1992,Texas,MLB,Jordan Hicks
2552689,71,193,1/2/1994,Florida State,CB,Ronald Darby
2555383,72,191,4/6/1994,Louisiana State,CB,Jalen Mills
2556363,74,230,5/16/1994,Eastern Illinois,OLB,Kamu Grugier-Hill
2558175,74,230,2/23/1995,Nebraska,LB,Nate Gerry
2543583,68,206,3/15/1992,Florida State,RB,Devonta Freeman
2552418,70,192,12/18/1991,East Carolina,WR,Justin Hardy
2557034,70,190,4/10/1993,Washington,WR,Marvin Hall
2560854,73,190,12/20/1994,Alabama,WR,Calvin Ridley
2557958,72,181,5/21/1996,Washington,CB,Sidney Jones
2533040,74,215,8/22/1989,Rutgers,WR,Mohamed Sanu
2495613,72,196,7/25/1985,New Hampshire,FS,Corey Graham
2561132,74,215,8/2/1995,Yale,LB,Foye Oluokun
2558258,71,191,3/20/1995,West Virginia,WR,Shelton Gibson
2559033,72,233,4/15/1994,Oregon State,FB,Ricky Ortiz
2559109,74,205,7/12/1994,Kansas State,CB,Deante Burton
2539291,71,185,2/7/1991,Oregon State,WR,Markus Wheaton
2558168,74,209,8/29/1995,West Virginia,CB,Rasul Douglas
2555461,70,208,1/20/1994,West Virginia,RB,Wendell Smallwood
79607,71,210,7/12/1988,Pittsburgh,RB,LeSean McCoy
2495139,75,246,2/13/1989,Tulsa,TE,Charles Clay
2495189,69,188,11/8/1988,Texas Christian,WR,Jeremy Kerley
2543471,77,245,2/5/1991,Florida State,WR,Kelvin Benjamin
2557863,74,200,3/30/1995,East Carolina,WR,Zay Jones
2558191,74,225,5/4/1994,Pittsburgh,QB,Nathan Peterman
4365,72,210,5/19/1986,Grand Valley State,CB,Brandon Carr
2495775,71,195,1/4/1985,Utah,FS,Eric Weddle
2540164,71,211,1/27/1992,Oklahoma,SS,Tony Jefferson
2543464,74,250,6/19/1992,Alabama,ILB,C.J. Mosley
2552279,76,272,9/8/1992,Kentucky,OLB,Za'Darius Smith
2555378,69,185,3/14/1994,Temple,CB,Tavon Young
2555505,75,261,8/15/1992,Grand Valley State,OLB,Matt Judon
2558067,72,197,7/8/1996,Alabama,CB,Marlon Humphrey
2506268,73,245,5/31/1983,California,OLB,Lorenzo Alexander
2539240,72,197,12/31/1990,Iowa,SS,Micah Hyde
2539290,72,191,4/25/1991,Oregon State,FS,Jordan Poyer
2543851,72,193,4/4/1991,Rice,CB,Phillip Gaines
2557867,71,192,1/16/1995,Louisiana State,CB,Tre'Davious White
2557969,72,223,7/28/1994,Boston College,OLB,Matt Milano
2560713,77,250,5/2/1998,Virginia Tech,LB,Tremaine Edmunds
382,78,245,1/16/1985,Delaware,QB,Joe Flacco
71269,73,215,9/14/1987,Texas Tech,WR,Michael Crabtree
2543847,71,179,4/3/1990,Pittsburg State,WR,John Brown
2552402,76,270,2/17/1993,Delaware,TE,Nick Boyle
2552468,76,252,4/12/1994,Minnesota,TE,Maxx Williams
2555430,70,208,8/26/1994,Arkansas,RB,Alex Collins
2560766,71,192,7/27/1996,Weber State,CB,Taron Johnson
2550256,71,205,10/17/1992,Ball State,WR,Willie Snead
2552631,72,218,8/27/1991,Southern California,RB,Javorius Allen
2560729,74,196,5/7/1994,Alabama,WR,Robert Foster
2505660,75,265,10/11/1982,Arizona State,OLB,Terrell Suggs
2558990,75,311,5/27/1994,Maine,FB,Patrick Ricard
2508004,71,207,3/27/1987,Tennessee State,DB,Anthony Levine
2555209,73,200,6/16/1993,Cincinnati,WR,Chris Moore
2495453,76,210,6/16/1988,Hillsdale,WR,Andre Holmes
2543767,78,250,7/1/1991,Virginia Tech,TE,Logan Thomas
2559159,77,246,2/28/1994,Tennessee,TE,Jason Croom
2556642,72,227,8/22/1992,Portland State,ILB,Patrick Onwuasor
2558248,72,205,4/19/1995,Virginia Tech,FS,Chuck Clark
2507817,71,205,5/12/1987,South Carolina State,SS,Rafael Bush
2557841,75,244,11/12/1993,Alabama,OLB,Tim Williams
2560947,73,235,11/15/1994,UCLA,LB,Kenny Young
2552647,69,195,10/3/1991,Missouri,RB,Marcus Murphy
2558166,75,240,5/23/1995,Houston,OLB,Tyus Bowser
2560957,77,255,9/6/1995,Oklahoma,TE,Mark Andrews
2507999,72,223,3/22/1988,Tiffin University,RB,Chris Ivory
2560955,77,237,5/21/1996,Wyoming,QB,Josh Allen
2555229,70,228,1/21/1994,Louisiana Tech,RB,Kenneth Dixon
2560757,74,212,1/7/1997,Louisville,QB,Lamar Jackson
2561485,70,173,11/20/1993,Rutgers,WR,Janarion Grant
2560963,71,178,11/30/1994,Alabama,CB,Anthony Averett
2555178,73,193,5/26/1994,Virginia,CB,Maurice Canady
2561301,74,230,7/23/1995,North Dakota State,LB,Chris Board
2506109,77,240,3/2/1982,"Miami, O.",QB,Ben Roethlisberger
2508061,70,185,7/10/1988,Central Michigan,WR,Antonio Brown
2540151,76,203,5/20/1991,Tennessee,WR,Justin Hunter
2552633,79,250,6/4/1994,Penn State,TE,Jesse James
2557978,73,233,5/5/1995,Pittsburgh,RB,James Conner
2558149,73,215,11/22/1996,Southern California,WR,JuJu Smith-Schuster
2539311,75,255,10/20/1989,Southern Mississippi,OLB,Jamie Collins
2543637,71,190,5/17/1992,Oregon,CB,Terrance Mitchell
2552389,71,196,8/29/1992,Arizona State,CB,Damarious Randall
2555166,73,245,11/6/1993,Wisconsin,MLB,Joe Schobert
2555540,70,210,12/15/1993,Texas Christian,SS,Derrick Kindred
2556475,69,193,1/21/1993,Minnesota,CB,Briean Boddy-Calhoun
2560916,71,191,4/28/1997,Ohio State,CB,Denzel Ward
2560920,71,213,4/2/1996,Oklahoma State,WR,James Washington
2560964,72,250,4/26/1995,Memphis,LB,Genard Avery
496727,73,210,1/13/1989,Georgia Tech,SS,Morgan Burnett
496733,71,195,4/14/1989,Florida,CB,Joe Haden
2539978,73,245,5/5/1991,Florida,ILB,Jon Bostic
2540221,73,233,12/27/1989,Florida State,ILB,Vince Williams
2552289,76,269,2/12/1993,Kentucky,OLB,Bud Dupree
2555344,72,197,5/1/1995,Miami,CB,Artie Burns
2555386,73,202,10/23/1993,Maryland,SS,Sean Davis
2556559,69,184,3/9/1994,Mississippi,CB,Mike Hilton
2558064,76,252,10/11/1994,Wisconsin,OLB,T.J. Watt
2495240,73,215,8/3/1989,Virginia Tech,QB,Tyrod Taylor
2537931,75,225,4/13/1991,Utah,WR,Josh Gordon
2540928,79,270,4/22/1986,California-Irvine,TE,Darren Fells
2543488,71,196,11/28/1992,Louisiana State,WR,Jarvis Landry
2543743,72,229,9/20/1990,Ohio State,RB,Carlos Hyde
2557986,76,246,7/10/1996,Miami,TE,David Njoku
2552461,69,210,9/23/1993,Miami,RB,Duke Johnson
2555468,73,198,10/7/1994,Colorado State,WR,Rashard Higgins
2560712,73,217,1/20/1997,Virginia Tech,S,Terrell Edmunds
2550235,71,248,3/30/1992,Kent State,FB,Roosevelt Nix
2550521,76,261,9/22/1992,Southern California,TE,Xavier Grimble
2543720,74,235,8/31/1992,Iowa,OLB,Christian Kirksey
2557980,71,213,10/4/1995,Michigan,FS,Jabrill Peppers
2560988,71,200,1/9/1997,Florida,WR,Antonio Callaway
2552266,75,255,12/10/1992,Miami,OLB,Anthony Chickillo
2561021,71,225,12/27/1995,Georgia,RB,Nick Chubb
2557960,68,185,11/4/1994,North Carolina,WR,Ryan Switzer
2558849,71,188,2/27/1995,Tennessee,CB,Cameron Sutton
2556365,75,245,1/29/1993,Princeton,TE,Seth DeValve
2550164,72,204,7/28/1990,Ohio,CB,T.J. Carrie
2561470,76,207,10/17/1994,Texas Tech,WR,Derrick Willies
2533060,74,190,10/26/1989,Alabama,CB,Dre Kirkpatrick
2543814,73,255,10/27/1992,Louisville,MLB,Preston Brown
2555355,72,205,6/2/1993,Illinois,FS,Clayton Fejedelem
2555528,74,235,8/20/1993,Utah State,OLB,Nick Vigil
2556367,72,196,10/27/1992,Houston,CB,William Jackson
2558801,75,242,1/27/1995,Oklahoma,OLB,Jordan Evans
2560970,73,200,2/26/1997,Wake Forest,S,Jessie Bates
2532865,70,183,11/14/1989,Florida International,WR,T.Y. Hilton
2533031,76,240,9/12/1989,Stanford,QB,Andrew Luck
2540232,78,262,5/5/1990,Western Kentucky,TE,Jack Doyle
2543466,76,253,4/10/1993,North Carolina,TE,Eric Ebron
2543759,72,194,12/19/1990,Tulane,WR,Ryan Grant
2560933,73,217,7/18/1994,Mississippi,RB,Jordan Wilkins
2543474,71,205,10/10/1991,Michigan State,CB,Darqueze Dennard
2556396,72,184,1/12/1994,Grambling State,WR,Chester Rogers
2558877,74,214,12/18/1994,Old Dominion,WR,Zach Pascal
2560742,69,198,11/12/1996,North Carolina State,RB,Nyheim Hines
2495143,74,220,10/29/1987,Texas Christian,QB,Andy Dalton
2495450,76,210,7/31/1988,Georgia,WR,A.J. Green
2540148,78,255,9/8/1990,Notre Dame,TE,Tyler Eifert
2540156,69,205,11/22/1991,North Carolina,HB,Giovani Bernard
2555466,74,203,11/15/1994,Pittsburgh,WR,Tyler Boyd
2558010,71,194,11/27/1995,Washington,WR,John Ross
2552386,74,216,6/1/1992,Central Florida,FS,Clayton Geathers
2556429,71,209,7/15/1992,Notre Dame,SS,Matthias Farley
2557961,74,193,8/16/1996,Florida,CB,Quincy Wilson
2558108,72,185,6/30/1994,Temple,CB,Nate Hairston
2558851,73,230,8/8/1995,Northwestern,ILB,Anthony Walker
2558976,69,190,8/23/1995,Valdosta State,CB,Kenny Moore II
2560789,74,230,7/27/1995,South Carolina State,LB,Darius Leonard
2552586,78,250,10/15/1992,Rutgers,TE,Tyler Kroft
2550405,76,255,5/8/1992,Miami,TE,Erik Swoope
2552559,78,260,1/14/1993,Auburn,TE,C.J. Uzomah
2557976,73,220,7/24/1996,Oklahoma,HB,Joe Mixon
2558060,73,212,4/2/1996,Ohio State,FS,Malik Hooker
2560816,74,225,1/8/1995,South Carolina,ILB,Skai Moore
2539233,72,210,5/13/1991,Georgia,SS,Shawn Williams
2561155,72,236,7/2/1996,Syracuse,ILB,Zaire Franklin
2558982,72,235,1/5/1994,Illinois,MLB,Hardy Nickerson
2556493,71,228,10/24/1992,Texas A&M,RB,Tra Carson
2533016,72,244,6/4/1989,West Virginia,OLB,Najee Goode
2558127,75,205,3/21/1996,Tennessee,WR,Josh Malone
2556519,72,195,11/6/1992,Wisconsin,WR,Alex Erickson
2354,72,233,7/21/1986,Kentucky,ILB,Wesley Woodyard
71423,76,257,7/31/1986,Texas,OLB,Brian Orakpo
2539320,72,214,2/15/1991,Texas,SS,Kenny Vaccaro
2540162,71,195,2/9/1991,Rutgers,CB,Logan Ryan
2550613,71,190,3/2/1990,West Alabama,CB,Malcolm Butler
2555158,71,212,8/17/1993,Middle Tennessee,FS,Kevin Byard
2555320,74,242,7/8/1993,UCLA,OLB,Aaron Wallace
2558005,72,226,2/26/1995,UCLA,ILB,Jayon Brown
2558065,71,185,9/18/1995,Southern California,CB,Adoree' Jackson
2649,71,185,11/2/1985,Texas Tech,WR,Danny Amendola
2532956,76,207,7/27/1988,Texas A&M,QB,Ryan Tannehill
2540202,73,202,4/22/1992,Oklahoma,WR,Kenny Stills
2555230,73,211,1/26/1994,Alabama,RB,Kenyan Drake
2556190,67,169,10/30/1992,Texas Tech,WR,Jakeem Grant
2560994,78,252,10/3/1995,Penn State,TE,Mike Gesicki
2495469,68,195,9/27/1990,Pittsburgh,RB,Dion Lewis
2495966,74,248,8/12/1984,Central Missouri State,TE,Delanie Walker
2532903,72,217,10/12/1989,Nevada,WR,Rishard Matthews
2552466,76,222,10/30/1993,Oregon,QB,Marcus Mariota
2555317,74,194,12/23/1994,Massachusetts,WR,Tajae Sharpe
2557848,75,209,1/11/1995,Western Michigan,WR,Corey Davis
496739,73,215,2/25/1988,Georgia,SS,Reshad Jones
2539309,74,215,1/26/1991,USC,SS,T.J. McDonald
2539935,75,239,8/14/1990,Oregon,OLB,Kiko Alonso
2552434,71,192,8/18/1993,Memphis,CB,Bobby McCain
2555539,73,200,7/4/1993,Baylor,CB,Xavien Howard
2558070,74,242,11/17/1995,Ohio State,LB,Raekwon McMillan
2560725,73,207,11/17/1996,Alabama,S,Minkah Fitzpatrick
2555339,75,241,4/27/1994,Boise State,ILB,Kamalei Correa
2561328,76,250,10/1/1995,Temple,OLB,Sharif Finch
2552580,77,240,9/20/1991,Arkansas,TE,A.J. Derby
2550272,69,195,7/12/1992,Georgia State,WR,Albert Wilson
496828,76,261,1/6/1989,Georgia Tech,OLB,Derrick Morgan
2541539,71,225,11/27/1990,Auburn,ILB,Daren Bates
2555551,72,203,9/18/1993,Southern Utah,CB,LeShaun Sims
2506404,69,212,5/14/1983,Miami,RB,Frank Gore
2540013,73,235,9/19/1989,Nebraska,ILB,Will Compton
2560880,78,260,8/9/1995,Notre Dame,TE,Durham Smythe
2556075,75,247,1/4/1994,Alabama,RB,Derrick Henry
2558207,75,248,8/22/1995,Florida International,TE,Jonnu Smith
2495441,77,235,10/15/1989,Missouri,QB,Blaine Gabbert
2557870,71,205,3/2/1995,Western Kentucky,WR,Taywan Taylor
2495234,77,253,7/17/1988,Tennessee,TE,Luke Stocker
2560966,74,225,12/25/1996,Ohio State,LB,Jerome Baker
2559043,75,246,8/29/1993,Southern Illinois,OLB,Chase Allen
2553896,70,180,6/28/1992,Virginia,WR,Darius Jennings
2559053,71,188,4/10/1995,Nevada-Las Vegas,CB,Torry McTyer
496735,70,185,4/10/1988,Alabama,CB,Kareem Jackson
2495872,71,185,4/16/1984,South Carolina,CB,Johnathan Joseph
2533049,76,258,7/21/1990,Illinois,OLB,Whitney Mercilus
2540180,69,190,5/13/1992,Louisiana State,FS,Tyrann Mathieu
2543501,72,191,10/2/1991,Oklahoma,CB,Aaron Colvin
2552261,72,185,8/5/1992,Wake Forest,CB,Kevin Johnson
2558094,75,238,12/2/1994,Vanderbilt,ILB,Zach Cunningham
2560851,73,204,2/15/1997,Stanford,SS,Justin Reid
497240,78,265,5/14/1989,Arizona,TE,Rob Gronkowski
2504211,76,225,8/3/1977,Michigan,QB,Tom Brady
2530515,73,210,10/24/1987,"Monmouth, N.J.",WR,Chris Hogan
2539265,70,215,7/2/1990,Nebraska,RB,Rex Burkhead
2543773,70,205,2/3/1992,Wisconsin,RB,James White
2552424,70,192,1/5/1993,Miami,WR,Phillip Dorsett
2552490,76,257,11/19/1992,Mississippi State,ILB,Benardrick McKinney
2533046,76,260,2/24/1990,Clemson,TE,Dwayne Allen
2533034,70,221,4/25/1991,Miami,RB,Lamar Miller
2540165,73,212,6/6/1992,Clemson,WR,DeAndre Hopkins
2543646,69,200,8/22/1991,South Carolina,WR,Bruce Ellington
2558063,74,221,9/14/1995,Clemson,QB,Deshaun Watson
2560896,77,277,8/2/1996,Mississippi State,TE,Jordan Thomas
2561427,75,202,6/9/1996,Limestone,WR,Vyncint Smith
71251,71,215,8/19/1987,Oregon,SS,Patrick Chung
494287,70,195,8/13/1987,Rutgers,FS,Devin McCourty
2533057,75,260,3/12/1990,Alabama,MLB,Dont'a Hightower
2533062,73,202,9/19/1990,South Carolina,CB,Stephon Gilmore
2552255,73,205,10/3/1992,Utah,CB,Eric Rowe
2556119,72,238,4/22/1994,Houston,MLB,Elandon Roberts
2556571,70,190,9/20/1993,Auburn,CB,Jonathan Jones
2560951,76,243,4/19/1992,Central Florida,TE,Jordan Akins
2541243,73,205,1/24/1991,Rutgers,FS,Duron Harmon
2543699,75,250,3/26/1991,Brigham Young,OLB,Kyle Van Noy
2541316,78,255,1/11/1990,Connecticut,TE,Ryan Griffin
2561143,74,255,8/24/1996,Purdue,LB,Ja'Whaun Bentley
2559211,69,198,6/16/1993,Iowa,WR,Riley McCarron
2508101,75,255,7/23/1988,Brown,FB,James Develin
2543603,73,230,10/20/1992,LSU,RB,Jeremy Hill
2552470,73,210,3/31/1993,Auburn,WR,Sammie Coates
2559152,72,237,5/19/1994,Missouri State,ILB,Dylan Cole
2555234,70,185,10/7/1993,San Jose State,RB,Tyler Ervin
2540145,74,238,3/17/1991,Tennessee,WR,Cordarrelle Patterson
2543600,74,225,4/27/1991,LSU,RB,Alfred Blue
89756,71,195,8/13/1987,Rutgers,CB,Jason McCourty
2506581,74,228,11/24/1982,Harvard,QB,Ryan Fitzpatrick
2543468,77,231,8/21/1993,Texas A&M,WR,Mike Evans
2550656,77,245,7/3/1991,Harvard,TE,Cameron Brate
2556466,71,225,2/27/1994,Auburn,RB,Peyton Barber
2557856,78,250,11/18/1994,Alabama,TE,O.J. Howard
2558105,73,209,2/27/1996,Penn State,WR,Chris Godwin
494261,71,208,4/1/1988,Ohio State,SS,Kurt Coleman
2533008,74,248,1/11/1989,Arkansas State,ILB,Demario Davis
2555530,71,205,12/12/1994,Ohio State,FS,Vonn Bell
2556735,73,180,2/8/1993,Colorado,CB,Ken Crawley
2558061,72,192,5/20/1996,Ohio State,CB,Marshon Lattimore
2558163,75,240,9/22/1994,Florida,OLB,Alex Anzalone
2558847,73,195,9/8/1996,Utah,FS,Marcus Williams
2495471,66,205,2/6/1990,Oregon State,RB,Jacquizz Rodgers
2553895,71,195,6/24/1993,Clemson,WR,Adam Humphries
2508084,71,191,9/7/1987,Florida State,CB,Patrick Robinson
1581,70,175,12/1/1986,California,WR,DeSean Jackson
2495272,74,203,2/23/1989,California,SS,Chris Conte
2532828,73,233,1/23/1990,Nebraska,OLB,Lavonte David
2550565,72,230,9/21/1990,Florida Atlantic,MLB,Adarius Taylor
2552592,73,227,8/3/1994,Louisiana State,MLB,Kwon Alexander
2555299,70,204,6/3/1995,Florida,CB,Vernon Hargreaves III
2557945,72,199,8/26/1995,Texas A&M,SS,Justin Evans
2560884,71,205,9/16/1995,North Carolina,CB,M.J. Stewart
2504775,72,209,1/15/1979,Purdue,QB,Drew Brees
2539303,73,233,4/26/1990,Southern Methodist,FB,Zach Line
2541834,77,250,5/21/1990,Idaho State,TE,Josh Hill
2556370,75,212,3/3/1993,Ohio State,WR,Michael Thomas
2558019,70,215,7/25/1995,Tennessee,RB,Alvin Kamara
2560878,74,210,1/7/1996,Central Florida,WR,Tre'Quan Smith
2555552,71,190,9/7/1993,North Carolina Central,CB,Ryan Smith
2506122,75,255,12/18/1980,Georgia,TE,Benjamin Watson
2507166,71,180,4/12/1985,Ohio State,WR,Ted Ginn
2558928,73,195,12/25/1993,Northwestern,WR,Austin Carr
2561039,73,206,12/31/1996,Auburn,CB,Carlton Davis
2550223,72,195,9/7/1991,North Greenville,WR,Freddie Martino
2556508,73,235,7/2/1993,Memphis,TE,Alan Cross
2559044,78,256,5/28/1993,"Laval, Can.",TE,Antony Auclair
2539277,73,241,1/26/1991,Notre Dame,MLB,Manti Te'o
2539982,73,240,7/30/1991,Iowa State,OLB,A.J. Klein
2556752,67,168,10/24/1992,Northern Illinois,WR,Tommylee Lewis
2539663,71,210,11/1/1990,Florida,RB,Mike Gillislee
2555227,72,217,2/2/1994,Arkansas,RB,Jonathan Williams
2495211,73,242,8/9/1989,Nebraska,TE,Niles Paul
2543477,77,236,4/28/1992,Central Florida,QB,Blake Bortles
2543683,77,262,9/29/1992,Washington,TE,Austin Seferian-Jenkins
2553318,76,245,1/14/1992,Illinois State,TE,James O'Shaughnessy
2557973,72,228,1/18/1995,Louisiana State,RB,Leonard Fournette
2561018,76,198,9/23/1996,Louisiana State,WR,D.J. Chark
71197,76,255,10/15/1986,Cincinnati,OLB,Connor Barwin
2532875,70,190,10/29/1988,North Alabama,CB,Janoris Jenkins
2540143,75,250,9/25/1991,Georgia,LB,Alec Ogletree
2543738,78,262,2/19/1992,North Carolina,OLB,Kareem Martin
2552454,72,218,1/10/1994,Alabama,SS,Landon Collins
2555277,73,203,8/9/1995,Ohio State,CB,Eli Apple
2555522,73,242,5/29/1993,Clemson,ILB,B.J. Goodson
2543614,74,215,8/6/1993,Mississippi,WR,Donte Moncrief
2552471,73,223,10/2/1993,Alabama,RB,T.J. Yeldon
2557895,72,176,11/21/1993,Oklahoma,WR,Dede Westbrook
2559153,73,194,4/20/1993,Kentucky Wesleyan,WR,Keelan Cole
2539338,71,190,5/3/1990,William & Mary,CB,B.W. Webb
2541792,75,220,3/5/1991,Miami,OLB,Ray-Ray Armstrong
2553822,72,190,7/18/1992,Fresno State,FS,Curtis Riley
2561015,77,250,12/10/1995,Georgia,OLB,Lorenzo Carter
2535687,71,195,3/17/1990,Stanford,SS,Michael Thomas
494259,74,218,2/11/1988,Toledo,SS,Barry Church
2532848,73,212,8/7/1990,Wyoming,FS,Tashaun Gipson
2539237,71,190,6/27/1990,Houston,CB,D.J. Hayden
2539662,75,249,8/26/1990,Florida,DE,Lerentee McCray
2541162,72,191,8/16/1991,Central Florida,CB,A.J. Bouye
2543711,75,215,4/11/1991,Florida State,OLB,Telvin Smith
2555280,73,208,10/24/1994,Florida State,CB,Jalen Ramsey
2555329,73,244,9/3/1995,UCLA,OLB,Myles Jack
2505996,77,218,1/3/1981,Mississippi,QB,Eli Manning
2543496,71,198,11/5/1992,Louisiana State,WR,Odell Beckham Jr.
2543590,75,222,10/10/1992,Indiana,WR,Cody Latimer
2555295,70,201,2/10/1993,Oklahoma,WR,Sterling Shepard
2557858,75,240,9/2/1994,Mississippi,TE,Evan Engram
2557952,72,210,10/1/1994,Clemson,RB,Wayne Gallman
2532835,77,255,10/3/1988,USC,TE,Rhett Ellison
2540225,73,246,9/10/1990,Wake Forest,FB,Tommy Bohanon
2560968,72,233,2/9/1997,Penn State,RB,Saquon Barkley
2560758,74,245,10/3/1995,Wisconsin,LB,Leon Jacobs
2550599,77,255,4/13/1992,Assumption,TE,Scott Simonson
2561008,75,214,4/18/1997,Alabama,DB,Ronnie Harrison
949,70,245,3/21/1987,Oregon,RB,Jonathan Stewart
2559254,73,240,8/21/1993,San Jose State,FB,Shane Smith
2553650,71,203,12/19/1991,Auburn,RB,Corey Grant
2556711,74,210,2/9/1994,Michigan,SS,Jarrod Wilson
2506340,76,213,5/7/1984,Utah,QB,Alex Smith
2540011,68,195,10/20/1990,Florida State,RB,Chris Thompson
2540160,74,242,7/3/1990,Florida,TE,Jordan Reed
2543491,72,180,4/13/1992,Colorado,WR,Paul Richardson
2552415,69,177,6/17/1993,Duke,WR,Jamison Crowder
2555343,74,205,12/3/1992,Texas Christian,WR,Josh Doctson
2495504,73,203,7/11/1990,Louisiana State,CB,Patrick Peterson
2495807,71,201,7/27/1984,Howard,FS,Antoine Bethea
2539932,71,192,9/29/1990,Boise State,CB,Jamar Taylor
2543769,73,211,8/30/1992,Washington State,ILB,Deone Bucannon
2543830,73,205,6/25/1992,North Carolina,FS,Tre Boston
2557887,73,235,9/22/1994,Temple,ILB,Haason Reddick
2558009,70,195,1/10/1996,Washington,FS,Budda Baker
2507164,73,220,3/21/1985,Oklahoma,RB,Adrian Peterson
2530491,73,235,8/24/1989,Auburn,ILB,Josh Bynes
2495826,75,248,1/31/1984,Maryland,TE,Vernon Davis
2495190,76,265,8/16/1988,Purdue,OLB,Ryan Kerrigan
2495281,73,250,3/1/1989,Washington,ILB,Mason Foster
2532804,73,250,10/23/1989,North Carolina,ILB,Zach Brown
2532920,72,200,12/15/1987,Coastal Carolina,CB,Josh Norman
2539943,70,205,9/1/1991,South Carolina,FS,D.J. Swearinger
2552276,77,265,11/17/1992,Mississippi State,OLB,Preston Smith
2553796,74,202,7/22/1992,Florida,CB,Quinton Dunbar
2558133,74,212,12/4/1995,Michigan State,FS,Montae Nicholson
2558136,72,204,4/9/1994,UCLA,CB,Fabian Moreau
497095,76,224,11/8/1987,Oklahoma,QB,Sam Bradford
2506106,75,218,8/31/1983,Pittsburgh,WR,Larry Fitzgerald
2553435,73,224,12/16/1991,Northern Iowa,RB,David Johnson
2558208,74,204,10/19/1994,Grambling,WR,Chad Williams
2559248,77,243,3/15/1995,Texas A&M,TE,Ricky Seals-Jones
2560781,71,200,11/18/1996,Texas A&M,WR,Christian Kirk
2557880,76,245,2/20/1994,Louisville,ILB,Josh Harvey-Clemons
2557886,77,255,8/10/1994,Arkansas,TE,Jeremy Sprinkle
2560711,69,210,4/13/1996,Fordham,RB,Chase Edmonds
2556414,72,229,10/3/1992,Tulane,RB,Rob Kelley
2495201,75,265,12/17/1988,Mississippi State,OLB,Pernell McPhee
2557853,74,253,8/12/1994,Alabama,OLB,Ryan Anderson
2553658,77,255,3/29/1991,Purdue,TE,Gabe Holmes
2553687,74,238,3/28/1991,Utah State,MLB,Zach Vigil
2560886,72,181,3/8/1996,Virginia Tech,DB,Greg Stroman
2558174,72,204,11/1/1994,Auburn,S,Rudy Ford
2534436,72,204,2/14/1989,Florida,WR,Deonte Thompson
2539336,68,185,3/15/1990,West Virginia,WR,Tavon Austin
2553454,76,260,9/16/1993,Texas,TE,Geoff Swaim
2553743,75,236,1/10/1992,Ohio State,RB,Rod Smith
2555224,72,228,7/22/1995,Ohio State,RB,Ezekiel Elliott
2555260,74,238,7/29/1993,Mississippi State,QB,Dak Prescott
80668,69,195,4/10/1988,South Carolina,CB,Captain Munnerlyn
2495339,71,205,11/16/1988,North Carolina,SS,Da'Norris Searcy
2505708,71,205,3/24/1981,Delaware,FS,Mike Adams
2533056,75,238,4/20/1991,Boston College,MLB,Luke Kuechly
2552447,72,230,4/21/1994,Washington,OLB,Shaq Thompson
2555175,73,212,8/4/1993,Samford,CB,James Bradberry
2560753,70,180,11/8/1995,Louisiana State,CB,Donte Jackson
496937,74,245,7/22/1986,Penn State,ILB,Sean Lee
2541832,73,212,5/14/1991,Saginaw Valley State,SS,Jeff Heath
2552568,72,205,9/26/1992,Connecticut,CB,Byron Jones
2555531,71,196,12/15/1993,Purdue,CB,Anthony Brown
2555536,72,220,8/11/1994,Central Michigan,SS,Kavon Frazier
2557840,72,202,5/24/1995,Colorado,CB,Chidobe Awuzie
2560908,76,256,2/8/1996,Boise State,LB,Leighton Vander Esch
2495455,77,245,5/11/1989,Auburn,QB,Cam Newton
2495459,72,205,1/26/1989,Maryland,WR,Torrey Smith
2532978,70,191,11/25/1989,Arkansas,WR,Jarius Wright
2552458,76,225,5/21/1994,Michigan,WR,Devin Funchess
2557997,71,205,6/7/1996,Stanford,RB,Christian McCaffrey
2560894,75,260,6/6/1996,Indiana,TE,Ian Thomas
2535698,68,174,4/26/1989,Southern Methodist,WR,Cole Beasley
2550353,75,195,11/12/1991,Miami,WR,Allen Hurns
2560735,73,200,3/4/1996,Colorado State,WR,Michael Gallup
2559193,77,260,7/16/1994,Oklahoma State,TE,Blake Jarwin
2552686,72,243,5/28/1993,Minnesota,OLB,Damien Wilson
2555310,74,245,6/14/1995,Notre Dame,MLB,Jaylon Smith
2552622,78,255,4/10/1992,Canisius,TE,Chris Manhertz
2558833,74,255,5/17/1994,West Georgia,RB,Alex Armah
2560813,71,215,4/14/1997,Maryland,WR,D.J. Moore
2550262,73,232,5/6/1991,South Carolina State,ILB,Joe Thomas
2539205,74,210,9/18/1989,Baylor,WR,Terrance Williams
2553441,74,240,8/8/1993,Texas State,MLB,David Mayo
2495700,77,255,3/11/1985,Miami,TE,Greg Olsen
2553815,72,222,7/5/1993,Akron,OLB,Justin March
2540269,68,225,2/10/1991,California,RB,C.J. Anderson
2499257,72,205,10/27/1987,Texas Christian,FS,Colin Jones
2560866,77,242,7/11/1996,Stanford,TE,Dalton Schultz
2536044,73,242,4/17/1989,North Texas,FB,Jamize Olawale
2495108,72,204,6/6/1989,Nebraska,CB,Prince Amukamara
2532961,72,239,3/24/1990,Kentucky,ILB,Danny Trevathan
2543681,71,194,2/16/1992,Virginia Tech,CB,Kyle Fuller
2552385,72,214,4/29/1993,Penn State,FS,Adrian Amos
2553500,69,188,10/23/1991,Rice,CB,Bryce Callahan
2555288,74,242,5/26/1993,West Virginia,ILB,Nick Kwiatkoski
2558176,72,202,12/10/1993,Alabama,FS,Eddie Jackson
2495187,75,250,1/30/1988,Wisconsin,TE,Lance Kendricks
2495448,70,192,8/22/1990,Kentucky,WR,Randall Cobb
2506363,74,225,12/2/1983,California,QB,Aaron Rodgers
2543495,73,215,12/24/1992,Fresno State,WR,Davante Adams
2552429,72,216,1/22/1993,Stanford,RB,Ty Montgomery
2556460,75,202,1/18/1994,Illinois,WR,Geronimo Allison
497236,79,265,11/24/1986,Miami,TE,Jimmy Graham
2560907,76,207,10/10/1994,South Florida,WR,Marquez Valdes-Scantling
2555285,77,240,9/8/1992,Georgia,OLB,Leonard Floyd
2558204,72,213,4/3/1995,Brigham Young,RB,Jamaal Williams
2540200,76,268,2/18/1991,Michigan State,TE,Dion Sims
2543509,74,220,8/24/1993,Penn State,WR,Allen Robinson
2550284,74,238,10/29/1991,Florida,TE,Trey Burton
2550617,67,168,2/17/1991,Abilene Christian,WR,Taylor Gabriel
2555418,72,224,11/2/1994,Indiana,RB,Jordan Howard
2558008,74,215,8/20/1994,North Carolina,QB,Mitchell Trubisky
80431,75,255,5/14/1986,Southern California,OLB,Clay Matthews
2506789,71,191,3/16/1983,Louisiana Tech,CB,Tramon Williams
2543470,73,211,12/21/1992,Alabama,FS,Ha Ha Clinton-Dix
2552697,71,195,3/12/1993,Auburn,FS,Jermaine Whitehead
2555161,74,237,1/9/1994,Stanford,ILB,Blake Martinez
2556480,71,200,8/11/1994,Louisiana Tech,SS,Kentrell Brice
2556537,76,260,4/1/1993,Arizona,LB,Reggie Gilbert
2557996,75,200,5/5/1995,Washington,CB,Kevin King
2560755,72,196,4/3/1996,Iowa,CB,Josh Jackson
2560810,71,199,10/9/1994,Memphis,WR,Anthony Miller
2533048,75,265,4/12/1990,USC,OLB,Nick Perry
2560952,70,196,2/9/1997,Louisville,CB,Jaire Alexander
2558250,66,191,7/26/1995,North Carolina A&T,RB,Tarik Cohen
2557983,76,235,1/3/1996,Notre Dame,QB,DeShone Kizer
2560877,72,230,4/8/1997,Georgia,LB,Roquan Smith
494289,71,203,12/19/1987,Northwestern,CB,Sherrick McManis
2556478,75,247,2/7/1994,Harvard,TE,Ben Braunecker
2555160,73,241,12/6/1994,Florida,ILB,Antonio Morrison
2553432,75,216,6/25/1992,West Virginia,WR,Kevin White
2552636,72,240,2/1/1992,Rutgers,FB,Michael Burton
2555340,77,245,11/25/1991,Utah State,OLB,Kyler Fackrell
2552489,75,318,1/6/1994,Florida State,NT,Eddie Goldman
2495101,75,259,9/6/1988,Texas,OLB,Sam Acho
2541202,74,197,2/1/1990,Rutgers,CB,Marcus Cooper
2495888,78,267,5/19/1984,UCLA,TE,Marcedes Lewis
2495343,69,185,4/26/1989,Chattanooga,CB,Buster Skrine
2532877,74,213,1/1/1990,Montana,CB,Trumaine Johnson
2533059,71,192,2/7/1990,Louisiana State,CB,Morris Claiborne
2543597,73,246,3/9/1992,Kentucky,ILB,Avery Williamson
2555256,75,259,7/1/1994,Georgia,OLB,Jordan Jenkins
2555322,73,232,10/18/1994,Ohio State,ILB,Darron Lee
2556617,72,210,9/25/1993,Appalachian State,S,Doug Middleton
2557979,73,213,10/17/1995,Louisiana State,SS,Jamal Adams
79860,75,220,2/7/1988,Georgia,QB,Matthew Stafford
497326,71,197,8/2/1988,Notre Dame,WR,Golden Tate
2532884,74,198,3/12/1990,California,WR,Marvin Jones
2558049,77,265,5/7/1994,Toledo,TE,Michael Roberts
2558052,76,213,11/3/1993,Northern Illinois,WR,Kenny Golladay
2560765,71,212,6/30/1997,Auburn,RB,Kerryon Johnson
2540020,69,201,5/4/1991,Notre Dame,RB,Theo Riddick
2541199,77,254,1/15/1990,Rice,TE,Luke Willson
2540203,80,268,7/30/1991,Stanford,TE,Levine Toilolo
2561366,75,235,9/19/1996,Washington State,LB,Frankie Luvu
2543836,72,190,7/19/1992,Notre Dame,WR,T.J. Jones
2553353,72,182,11/26/1990,Marshall,CB,Darryl Roberts
2556453,75,250,11/23/1992,Monmouth (N.J.),TE,Hakeem Valles
2540219,72,212,2/14/1991,Georgia Southern,FS,J.J. Wilcox
2552486,77,302,6/20/1994,Southern California,DE,Leonard Williams
2543828,74,225,5/31/1992,Nebraska,WR,Quincy Enunwa
2550189,71,225,1/8/1993,Alabama State,RB,Isaiah Crowell
2553451,76,257,1/14/1992,"Monmouth, N.J.",TE,Neal Sterling
2553744,78,263,4/22/1992,Texas-El Paso,TE,Eric Tomlinson
2556462,75,190,5/9/1993,Temple,WR,Robby Anderson
2561036,75,225,6/5/1997,Southern California,QB,Sam Darnold
71441,72,207,1/15/1986,New Mexico,FS,Glover Quin
2534830,72,208,3/19/1990,Illinois,SS,Tavon Wilson
2540288,72,190,1/1/1991,Mississippi State,CB,Darius Slay
2543869,75,256,6/24/1991,Southern California,OLB,Devon Kennard
2543872,69,190,4/23/1991,Utah State,CB,Nevin Lawson
2550572,75,250,2/18/1991,Florida State,ILB,Christian Jones
2552262,69,197,1/22/1993,Texas,SS,Quandre Diggs
2557924,72,233,1/31/1995,Tennessee,OLB,Jalen Reeves-Maybin
2531332,76,228,6/20/1989,Ohio State,WR,Terrelle Pryor
2558821,70,190,4/3/1995,San Diego,CB,Jamal Agnew
2557855,73,245,11/16/1994,Florida,MLB,Jarrad Davis
2560738,76,252,2/23/1996,Miami,TE,Chris Herndon
2552494,75,243,1/20/1994,Virginia,DE,Eli Harold
497149,72,247,12/5/1986,Oregon,RB,LeGarrette Blount
2495328,70,204,10/27/1988,Louisville,RB,Bilal Powell
2560822,70,180,10/11/1994,Tulane,CB,Parry Nickerson
2495262,73,250,5/12/1989,Central Michigan,FB,Nick Bellore
2553657,74,234,4/6/1993,Marshall,OLB,Neville Hewitt
2506562,76,225,5/17/1982,USC,QB,Matt Cassel
2549896,74,250,2/16/1992,Arizona,OLB,Marquis Flowers
2553725,70,205,12/14/1992,Texas Tech,WR,Bradley Marquez
497320,71,195,1/9/1988,Citadel,WR,Andre Roberts
2555477,74,209,10/16/1992,Clemson,WR,Charone Peake
2557885,77,258,1/31/1995,Clemson,TE,Jordan Leggett
2561137,71,185,7/23/1994,Virginia State,RB,Trenton Cannon
2557955,72,191,12/31/1995,Florida,CB,Teez Tabor
1302,73,209,2/13/1986,Kansas,CB,Aqib Talib
2540197,68,178,1/17/1992,Southern California,CB,Nickell Robey-Coleman
2543492,68,185,11/27/1990,Florida State,FS,Lamarcus Joyner
2552488,72,197,1/9/1993,Washington,CB,Marcus Peters
2556277,71,207,10/27/1994,Midwestern State,SS,Marqui Christian
2556593,75,228,11/18/1993,Washington,ILB,Cory Littleton
2558183,72,209,12/19/1995,Boston College,SS,John Johnson
2558830,75,245,5/9/1995,Eastern Washington,OLB,Samson Ebukam
1032,75,217,5/31/1985,Kansas State,WR,Jordy Nelson
71265,77,254,4/7/1987,South Carolina,TE,Jared Cook
2495663,71,215,4/22/1986,California,RB,Marshawn Lynch
2543499,75,210,3/28/1991,Fresno State,QB,Derek Carr
2550597,74,195,2/22/1991,West Alabama,WR,Seth Roberts
2552487,73,211,6/17/1994,Alabama,WR,Amari Cooper
2540169,72,193,4/10/1992,Southern California,WR,Robert Woods
2543498,70,183,9/25/1993,Oregon State,WR,Brandin Cooks
2552475,73,224,8/3/1994,Georgia,RB,Todd Gurley
2555334,76,223,10/14/1994,California,QB,Jared Goff
2555364,78,257,1/1/1993,Western Kentucky,TE,Tyler Higbee
2557898,74,208,6/15/1993,Eastern Washington,WR,Cooper Kupp
2495153,70,200,12/8/1988,Clemson,FS,Marcus Gilchrist
2495617,71,195,12/9/1984,Michigan,CB,Leon Hall
2506353,75,245,11/22/1982,Texas,ILB,Derrick Johnson
2507167,71,210,9/21/1983,Florida,FS,Reggie Nelson
2532986,73,241,4/2/1990,Temple,OLB,Tahir Whitehead
2541200,74,194,10/2/1989,Northern Illinois,CB,Rashaan Melvin
2558062,72,190,6/29/1995,Ohio State,CB,Gareon Conley
2543487,74,263,4/28/1992,Florida,OLB,Dominique Easley
2552320,74,237,8/19/1992,Georgia,ILB,Ramik Wilson
2534241,75,240,7/25/1990,Beloit,TE,Derek Carrier
2556885,68,207,10/15/1993,Southern Mississippi,RB,Jalen Richard
2553722,75,265,9/21/1991,Northwest Missouri State,OLB,Matt Longacre
2532899,69,210,1/13/1989,Boise State,RB,Doug Martin
306,74,205,4/7/1986,Tennessee State,CB,Dominique Rodgers-Cromartie
2557889,75,240,6/25/1994,South Alabama,TE,Gerald Everett
2558194,75,196,2/16/1995,Texas A&M,WR,Josh Reynolds
2557972,75,235,10/21/1995,Wake Forest,MLB,Marquel Lee
2552382,71,222,5/15/1993,Texas,RB,Malcolm Brown
2555294,76,260,3/20/1992,Michigan State,LB,Shilique Calhoun
2558875,76,232,11/23/1994,Oregon,TE,Johnny Mundt
2536032,76,245,6/8/1989,Kansas State,OLB,Emmanuel Lamur
2555342,70,200,9/8/1993,West Virginia,SS,Karl Joseph
2550400,72,240,4/8/1992,San Jose State,FB,Keith Smith
2556817,70,185,5/3/1993,North Carolina A&T,CB,Tony McRae
2560745,77,265,6/29/1995,Ohio State,DE,Sam Hubbard
2552392,71,210,1/21/1993,Stanford,SS,Jordan Richards
2559924,69,195,9/11/1995,Southern Mississippi,RB,Ito Smith
2561009,74,235,12/16/1993,Mississippi,DE,Marquis Haynes
2560775,73,200,1/23/1995,Tennessee,DB,Rashaan Gaulden
2539219,73,190,12/5/1989,Connecticut,CB,Blidi Wreh-Wilson
2558171,70,185,10/9/1994,Miami,CB,Corn Elder
2534741,70,205,2/12/1989,West Virginia,FS,Keith Tandy
2495288,77,255,8/3/1988,Nevada,TE,Virgil Green
2506121,77,228,12/8/1981,North Carolina State,QB,Philip Rivers
2552469,73,215,4/13/1993,Wisconsin,RB,Melvin Gordon
2555220,74,234,11/7/1992,Wisconsin,FB,Derek Watt
2558846,76,218,10/4/1994,Clemson,WR,Mike Williams
2559161,77,255,6/11/1993,Missouri,TE,Sean Culkin
79901,71,207,5/27/1988,Illinois,CB,Vontae Davis
2505299,76,255,6/18/1980,Kent State,TE,Antonio Gates
2540154,74,211,4/27/1992,California,WR,Keenan Allen
2553913,76,205,2/12/1992,Western Oregon,WR,Tyrell Williams
2532861,71,192,9/9/1989,Vanderbilt,CB,Casey Hayward
2541958,70,195,1/24/1990,Central Michigan,SS,Jahleel Addae
2552310,71,240,12/5/1992,Miami,ILB,Denzel Perryman
2556828,71,191,9/15/1993,Penn State,CB,Trevor Williams
2557927,70,201,12/14/1994,Iowa,CB,Desmond King
2560760,74,215,8/3/1996,Florida State,SS,Derwin James
2560928,74,216,3/24/1996,West Virginia,LB,Kyzir White
2559169,70,200,5/17/1995,"Western State, Colo.",RB,Austin Ekeler
2550842,71,210,3/28/1992,Texas,SS,Adrian Phillips
2556148,71,221,2/18/1994,Akron,OLB,Jatavis Brown
2560826,74,251,12/28/1996,Southern California,LB,Uchenna Nwosu
2558182,74,220,1/25/1994,Miami,SS,Rayshawn Jenkins
2552296,75,250,8/16/1991,North Dakota State,OLB,Kyle Emanuel
2530763,73,234,4/30/1989,South Carolina,FB,Patrick DiMarco
2507644,71,232,8/10/1987,North Dakota State,OLB,Ramon Humber
2556652,71,195,9/24/1992,Pittsburgh,CB,Lafayette Pitts
2552654,75,211,1/10/1992,Connecticut,WR,Geremy Davis
2561358,70,174,12/6/1992,West Georgia,WR,J.J. Jones
2561382,70,210,3/6/1994,Western Carolina,RB,Detrez Newsome
2560818,72,205,8/4/1994,Jacksonville State,DB,Siran Neal
2495438,78,265,11/9/1989,Notre Dame,TE,Kyle Rudolph
2532820,75,202,8/19/1988,Michigan State,QB,Kirk Cousins
2541161,75,230,1/18/1990,Central Florida,RB,Latavius Murray
2541785,74,200,8/22/1990,Minn. State-Mankato,WR,Adam Thielen
2555306,76,265,5/19/1993,Texas-San Antonio,TE,David Morgan
2561027,75,254,7/30/1995,Central Michigan,TE,Tyler Conklin
2552608,72,191,11/29/1993,Maryland,WR,Stefon Diggs
2555214,74,215,6/14/1995,Mississippi,WR,Laquon Treadwell
2534567,74,235,12/9/1988,Idaho,MLB,Korey Toomer
2525323,73,210,9/9/1987,Rice,SS,Andrew Sendejo
2532948,74,214,2/2/1989,Notre Dame,FS,Harrison Smith
2540155,73,218,6/19/1990,Florida State,CB,Xavier Rhodes
2543459,77,255,3/18/1992,UCLA,OLB,Anthony Barr
2552312,72,232,2/29/1992,UCLA,MLB,Eric Kendricks
2552448,72,190,7/25/1992,Michigan State,CB,Trae Waynes
2555177,70,192,11/12/1993,Clemson,CB,Mackensie Alexander
2557991,70,210,8/10/1995,Florida State,RB,Dalvin Cook
2556803,71,235,7/22/1993,"Augustana, S.D.",FB,C.J. Ham
2495170,72,195,7/10/1989,New Mexico State,CB,Davon House
2558033,74,244,10/16/1994,Michigan,OLB,Ben Gedeon
2555156,76,215,2/11/1994,Clemson,SS,Jayron Kearse
2557896,72,195,5/13/1994,Miami (Fla.),WR,Stacy Coley
2560746,70,191,2/11/1997,Central Florida,CB,Mike Hughes
2560243,74,215,3/25/1993,"Concordia, Minn",WR,Brandon Zylstra
2556489,72,230,3/9/1994,Louisville,OLB,James Burgess
2533047,75,257,1/27/1991,Georgia,TE,Orson Charles
2552484,72,196,6/1/1993,Florida State,CB,P.J. Williams
2532887,73,209,2/6/1990,Washington,WR,Jermaine Kearse
2540258,77,260,10/5/1989,Cincinnati,TE,Travis Kelce
2543457,73,211,6/14/1993,Clemson,WR,Sammy Watkins
2552652,75,205,10/25/1992,Georgia,WR,Chris Conley
2556214,70,185,3/1/1994,West Alabama,WR,Tyreek Hill
2557917,71,216,8/6/1995,Toledo,RB,Kareem Hunt
2558125,75,230,9/17/1995,Texas Tech,QB,Patrick Mahomes
2532946,71,187,11/15/1988,Clemson,CB,Coty Sensabaugh
2307,70,196,2/10/1987,Boise State,CB,Orlando Scandrick
2495493,75,270,1/21/1989,Georgia,DE,Justin Houston
2530794,72,206,8/17/1987,Newberry,FS,Ron Parker
2543592,72,235,6/10/1992,Iowa,MLB,Anthony Hitchens
2552265,71,194,1/22/1993,Oregon State,CB,Steven Nelson
2555169,74,252,9/23/1993,Alabama,ILB,Reggie Ragland
2555173,71,199,1/7/1994,Minnesota,FS,Eric Murray
2555349,71,198,2/13/1995,Virginia Tech,CB,Kendall Fuller
2560881,75,285,12/18/1995,Mississippi,LB,Breeland Speaks
2560921,71,205,3/19/1996,Texas A&M,DB,Armani Watts
2540215,76,267,6/13/1990,Rice,TE,Vance McDonald
2556775,74,235,5/3/1993,Florida State,ILB,Terrance Smith
2495340,70,242,12/11/1988,Connecticut,FB,Anthony Sherman
2541187,79,230,7/29/1991,Wisconsin-Milwaukee,TE,Demetrius Harris
2561103,71,190,7/20/1996,Central Arkansas,WR,Tremon Smith
2558185,79,289,6/14/1994,Villanova,DE,Tanoh Kpassagnon
80427,74,210,2/26/1987,Maryland,WR,Darrius Heyward-Bey
2540204,70,229,11/23/1991,LSU,RB,Spencer Ware
2550512,71,224,4/3/1992,Oklahoma,RB,Damien Williams
2555478,73,203,9/21/1994,Florida,WR,Demarcus Robinson
2543638,68,176,1/5/1993,Oregon,WR,De'Anthony Thomas
2495470,71,220,1/27/1989,LSU,RB,Stevan Ridley
2560827,73,220,9/4/1994,Clemson,LB,Dorian O'Daniel
2530660,74,216,5/30/1989,Central Florida,WR,Kamar Aiken
2532800,74,241,9/4/1989,Florida State,OLB,Nigel Bradham
2556444,75,223,8/5/1993,Washington,TE,Josh Perkins
2556934,71,185,7/18/1993,Florida State,CB,Javien Elliott
2560930,70,198,3/18/1997,Pittsburgh,DB,Jordan Whitehead
2550605,71,196,3/24/1991,North Dakota State,CB,Marcus Williams
2561291,69,185,12/2/1995,Duke,RB,Shaun Wilson
2555346,72,184,4/16/1994,Notre Dame,WR,Will Fuller
2560784,74,250,6/5/1996,Boston College,OLB,Harold Landry
2560714,76,255,4/24/1995,Wake Forest,LB,Duke Ejiofor
2558942,74,246,2/19/1995,Harvard,TE,Anthony Firkser
2556673,76,263,7/31/1993,Stanford,OLB,Brennan Scarlett
1037347,76,231,11/14/1986,Alabama-Birmingham,QB,Joe Webb
2495251,71,184,4/8/1987,USC,CB,Shareece Wright
2535693,72,219,7/23/1990,Stanford,CB,Johnson Bademosi
2552730,76,240,10/31/1988,Northwestern (Ia),ILB,Brian Peters
2560759,71,200,12/15/1995,Wisconsin,DB,Natrell Jamerson
2560774,75,254,6/26/1995,Stanford,LB,Peter Kalambayi
2561344,73,218,3/27/1996,Florida Atlantic,RB,Buddy Howell
2561538,71,202,12/15/1995,Mississippi,DB,A.J. Moore
4263,74,214,2/17/1986,Toledo,P,Brett Kern
2535701,76,260,1/25/1990,Missouri,LS,Beau Brinkley
2541756,74,225,10/23/1989,Troy,FS,Brynden Trawick
2561033,73,209,4/27/1995,Arizona,DB,Dane Cruikshank
2543811,73,192,9/8/1990,Lindenwood,CB,Pierre Desir
2558123,72,210,3/7/1996,South Florida,RB,Marlon Mack
2550206,76,255,1/24/1991,Stanford,TE,Ryan Hewitt
2556855,73,207,8/5/1994,Texas,WR,Marcus Johnson
2557866,74,204,12/20/1993,Michigan,WR,Jehu Chesson
2532933,75,215,6/5/1989,Appalachian State,WR,Brian Quick
1037374,71,178,12/8/1987,Miami (Fla.),CB,Sam Shields
2539293,74,236,1/17/1991,Penn State,ILB,Gerald Hodges
2543855,72,195,9/3/1991,San Jose State,CB,Bene' Benwikere
2552656,70,160,4/24/1992,Alabama-Birmingham,WR,J.J. Nelson
2552307,73,237,5/4/1992,Baylor,ILB,Bryce Hager
2553536,71,184,8/29/1991,Oregon,CB,Troy Hill
2556374,70,191,8/8/1993,Auburn,SS,Blake Countess
2553545,73,210,5/16/1992,Georgia Tech,DB,Isaiah Johnson
2346,72,211,8/8/1986,Mount Union,WR,Pierre Garcon
2534820,77,252,5/29/1988,Michigan State,TE,Garrett Celek
2543801,74,225,11/2/1991,Eastern Illinois,QB,Jimmy Garoppolo
2558266,76,250,10/9/1993,Iowa,TE,George Kittle
2558918,70,190,2/28/1995,Georgia Southern,RB,Matt Breida
2560836,73,195,10/23/1995,Washington,WR,Dante Pettis
2558202,68,181,4/30/1994,Louisiana Tech,WR,Trent Taylor
2558914,73,203,8/4/1995,Eastern Washington,WR,Kendrick Bourne
2495507,75,195,3/30/1988,Stanford,CB,Richard Sherman
2550654,69,183,7/12/1991,Pittsburgh,CB,K'Waun Williams
2552391,73,215,2/12/1992,Samford,FS,Jaquiski Tartt
2558121,74,229,2/8/1996,Kansas State,LB,Elijah Lee
2558157,75,195,3/21/1995,Colorado,CB,Ahkello Witherspoon
2558857,74,205,10/6/1993,Miami,FS,Adrian Colbert
2560917,75,230,11/19/1996,Brigham Young,LB,Fred Warner
2533457,70,222,12/12/1988,Florida Atlantic,RB,Alfred Morris
2560761,69,185,9/5/1995,Middle Tennessee,WR,Richie James
2540230,73,240,4/23/1991,Harvard,FB,Kyle Juszczyk
2552684,75,239,1/19/1990,Wyoming,MLB,Mark Nzeocha
2560913,73,210,2/1/1995,Louisiana-Lafayette,DB,Tracy Walker
2543741,71,193,7/18/1991,Northern Illinois,FS,Jimmie Ward
2556641,76,263,6/17/1995,Notre Dame,DE,Romeo Okwara
2556708,78,257,11/30/1993,Incarnate Word,TE,Cole Wick
2543680,72,219,2/27/1991,Virginia Tech,FS,Antone Exum
494307,71,214,8/4/1988,South Carolina,FS,Darian Stewart
2495202,75,250,3/26/1989,Texas A&M,OLB,Von Miller
2530510,70,199,6/18/1989,Kansas,CB,Chris Harris
2532898,73,245,9/10/1989,Nevada,ILB,Brandon Marshall
2543505,71,194,5/1/1992,Ohio State,CB,Bradley Roby
2550930,73,230,5/17/1992,Sacramento State,ILB,Todd Davis
2555550,74,202,11/19/1993,Boston College,SS,Justin Simmons
497322,71,180,3/17/1987,Southern Methodist,WR,Emmanuel Sanders
497328,75,225,12/25/1987,Georgia Tech,WR,Demaryius Thomas
2532888,73,215,2/17/1988,Houston,QB,Case Keenum
2552399,77,255,11/24/1992,Ohio State,TE,Jeff Heuerman
2560733,72,238,2/24/1996,Oregon,RB,Royce Freeman
2560888,76,216,10/10/1995,Southern Methodist,WR,Courtland Sutton
2555568,74,220,4/2/1990,"California, Pa.",SS,Erik Harris
2555223,71,219,5/27/1992,Utah,RB,Devontae Booker
2557859,78,250,7/11/1995,Michigan,TE,Jake Butt
2559947,68,190,7/24/1994,Colorado,RB,Phillip Lindsay
2543572,76,210,12/20/1991,Clemson,WR,Martavis Bryant
2506345,70,185,9/30/1983,West Virginia,CB,Adam Jones
2555432,73,238,5/23/1993,Nebraska,RB,Andy Janovich
2550541,74,250,11/17/1992,Colorado State,OLB,Shaquil Barrett
2560763,73,236,12/25/1994,Iowa,LB,Josey Jewell
2507917,72,188,8/20/1988,Belhaven,CB,Tramaine Brock
2558985,76,212,11/23/1993,Utah,WR,Tim Patrick
2561002,73,206,3/10/1995,Penn State,WR,DaeSean Hamilton
2495347,78,265,11/21/1987,Marshall,TE,Lee Smith
497302,75,210,11/4/1986,LSU,WR,Brandon LaFell
2556278,73,194,7/29/1994,Arizona,FS,Will Parks
2532871,75,250,11/1/1987,West Virginia,LB,Bruce Irvin
2552271,76,265,6/4/1992,Oklahoma,DE,Geneo Grissom
2558956,76,245,11/18/1993,Wyoming,TE,Jacob Hollister
2550659,70,188,1/26/1991,Oklahoma State,CB,Tyler Patmon
2555421,74,246,3/31/1995,Maryland,DE,Yannick Ngakoue
2556454,72,220,7/22/1993,South Carolina,RB,Brandon Wilds
2560809,71,215,2/17/1995,Georgia,RB,Sony Michel
2556375,78,280,1/7/1994,Baylor,TE,Rico Gathers
2556512,69,159,1/28/1994,Boise State,CB,Donte' Deayon
2557920,70,195,8/31/1995,Michigan,CB,Jourdan Lewis
2541944,72,195,9/17/1990,LSU,WR,Russell Shepard
2552605,71,210,5/13/1992,Northwestern,FS,Ibraheim Campbell
2495893,77,232,3/23/1984,Central Florida,WR,Brandon Marshall
2532975,71,215,11/29/1988,Wisconsin,QB,Russell Wilson
2541966,75,204,1/8/1990,Clemson,WR,Jaron Brown
2552430,70,182,9/28/1992,Kansas State,WR,Tyler Lockett
2555289,78,261,3/6/1993,Ohio State,TE,Nick Vannett
2558865,71,222,9/16/1994,Oklahoma State,RB,Chris Carson
2508080,70,202,5/7/1989,Texas,FS,Earl Thomas
2539243,73,215,11/15/1990,Kansas,SS,Bradley McDougald
2553456,73,215,8/29/1992,San Jose State,CB,Akeem King
2553637,71,190,3/27/1993,Tennessee,CB,Justin Coleman
2557881,72,204,1/20/1995,Colorado,FS,Tedric Thompson
2558259,72,198,7/20/1995,Central Florida,CB,Shaquill Griffin
2558925,72,240,1/10/1994,Villanova,LB,Austin Calitro
2560835,71,220,2/2/1996,San Diego State,RB,Rashaad Penny
2561046,76,267,7/8/1996,Washington,TE,Will Dissly
2532890,71,240,9/28/1990,California,OLB,Mychal Kendricks
2540140,77,235,10/4/1990,Louisiana State,OLB,Barkevious Mingo
2552629,75,260,6/14/1993,Michigan,DE,Frank Clark
2556603,72,235,8/16/1993,USC,FB,Tre Madden
2558856,72,215,1/15/1995,East Central,WR,David Moore
2555417,73,225,5/20/1994,Notre Dame,RB,C.J. Prosise
2553439,69,221,2/19/1993,South Carolina,RB,Mike Davis
2535964,72,208,5/18/1989,Louisville,WR,Josh Bellamy
2555356,70,191,12/13/1993,Navy,WR,Keenan Reynolds
2560800,73,215,4/14/1995,Oklahoma,QB,Baker Mayfield
2560830,72,210,9/30/1996,Colorado,CB,Isaiah Oliver
2553568,75,207,9/21/1992,Illinois State,WR,Cameron Meredith
2558954,74,221,8/23/1990,Brigham Young,QB,Taysom Hill
2561061,72,184,1/22/1996,Louisiana State,WR,Russell Gage
2560946,73,190,2/20/1996,Boston College,DB,Isaac Yiadom
496814,74,235,6/4/1986,Marshall,OLB,Albert McClellan
2539937,69,205,2/23/1991,Syracuse,SS,Shamarko Thomas
2560915,70,200,3/29/1997,Miami (Fla.),HB,Mark Walton
2561093,72,225,1/14/1995,Maryland,LB,Jermaine Carter
2555331,75,205,4/17/1994,Mississippi,WR,Cody Core
2556762,73,234,8/17/1993,Idaho,RB,Elijhaa Penny
2561017,70,205,4/27/1996,Temple,DB,Sean Chandler
2543456,77,255,2/14/1993,South Carolina,DE,Jadeveon Clowney
2495488,77,288,3/22/1989,Wisconsin,DE,J.J. Watt
2560718,74,234,11/8/1995,Alabama,LB,Rashaan Evans
2561340,71,185,3/5/1996,Vanderbilt,CB,Tre Herndon
2552401,74,243,3/24/1992,Southern Illinois,TE,MyCole Pruitt
2556798,73,180,5/16/1992,Youngstown State,CB,Kenneth Durden
2539964,69,185,11/19/1990,Texas,WR,Marquise Goodwin
2499278,72,225,7/5/1989,Southern California,OLB,Malcolm Smith
2557837,73,228,4/4/1994,Alabama,OLB,Reuben Foster
2560850,69,193,11/11/1996,Kansas State,DB,D.J. Reed
2559076,76,210,8/14/1995,Hawaii,WR,Marcus Kemp
2543494,74,252,3/19/1991,Auburn,DE,Dee Ford
2561117,74,200,8/16/1996,Southern Mississippi,DB,Tarvarius Moore
2553728,70,197,4/9/1992,Purdue,RB,Raheem Mostert
2552409,75,216,1/20/1993,Louisville,WR,DeVante Parker
2495159,70,215,9/16/1987,East Carolina,WR,Dwayne Harris
2559054,72,225,7/10/1995,Greenville,ILB,Nicholas Morrow
2553552,76,253,1/16/1992,Bowie State,TE,Khari Lee
2559208,72,195,4/15/1994,Pittsburgh,CB,Ryan Lewis
2560801,69,190,10/15/1996,Clemson,WR,Ray-Ray McCloud
2561099,70,205,6/30/1995,Cincinnati,RB,Mike Boone
2495331,70,185,9/24/1988,Southern Methodist,WR,Aldrick Robinson
2559012,73,230,9/26/1994,Cincinnati,OLB,Eric Wilson
2543500,75,215,7/16/1992,Vanderbilt,WR,Jordan Matthews
2555259,77,237,12/30/1992,North Dakota State,QB,Carson Wentz
2560949,74,225,10/29/1996,Notre Dame,RB,Josh Adams
2555261,76,235,12/11/1992,North Carolina State,QB,Jacoby Brissett
2558116,69,208,12/2/1994,Texas-El Paso,RB,Aaron Jones
2553710,72,203,2/22/1992,Texas A&M,SS,Deshazor Everett
2507232,73,207,9/3/1984,Colorado,K,Mason Crosby
2560868,78,208,10/30/1995,Alabama,P,J.K. Scott
2561156,75,240,5/21/1994,Mississippi State,LS,Hunter Bradley
2560764,69,190,11/17/1995,Southern U.,DB,Danny Johnson
2560984,75,233,3/21/1995,Vanderbilt,LB,Oren Burks
2559164,74,196,1/6/1995,Brigham Young,CB,Michael Davis
2541544,70,218,7/7/1990,Middle Tennessee State,RB,Benny Cunningham
497238,77,260,6/16/1988,Oklahoma,TE,Jermaine Gresham
2534871,72,233,10/18/1990,UCLA,FB,Derrick Coleman
2560901,74,199,11/24/1995,Louisiana State,DB,Kevin Toliver
2560858,76,215,2/10/1997,UCLA,QB,Josh Rosen
2532966,72,242,6/27/1990,Utah State,MLB,Bobby Wagner
2560728,75,203,6/2/1995,Oklahoma State,CB,Tre Flowers
2558159,71,202,7/26/1995,Louisiana Tech,FS,Xavier Woods
2560754,73,198,11/17/1995,Maryland,DB,J.C. Jackson
2561157,70,185,4/17/1996,Western Carolina,DB,Keion Crossen
2555380,70,200,11/29/1993,Alabama,CB,Cyrus Jones
2535609,74,216,6/28/1989,Portland State,CB,DeShawn Shead
2506861,70,185,7/19/1983,Shippensburg,CB,Brent Grimes
2543643,71,195,7/6/1991,San Diego State,SS,Nat Berhe
2556567,72,209,10/14/1992,South Carolina,S,Isaiah Johnson
2560741,74,196,3/28/1997,Texas,CB,Holton Hill
2530852,74,235,12/7/1987,Ohio State,LS,Jake McQuaide
2535663,77,241,2/8/1990,Oregon State,P,Johnny Hekker
2560782,72,244,1/25/1995,Virginia,LB,Micah Kiser
2561653,74,205,1/3/1995,Prairie View,WR,KhaDarel Hodge
2560898,70,198,9/2/1995,Jacksonville State,RB,Roc Thomas
2560770,71,208,8/3/1997,Southern California,RB,Ronald Jones
81284,72,229,10/7/1986,Missouri,QB,Chase Daniel
2552033,76,231,1/6/1994,Florida State,QB,Jameis Winston
2553774,72,229,8/4/1993,Syracuse,OLB,Cameron Lynch
2560051,75,215,4/4/1996,Pennsylvania,WR,Justin Watson
2555155,72,200,8/14/1993,Miami,SS,Deon Bush
2555381,72,202,4/13/1993,William & Mary,FS,DeAndre Houston-Carson
2560939,74,221,9/11/1994,Georgia,WR,Javon Wims
2560750,73,226,10/12/1995,Western Kentucky,LB,Joel Iyiegbuniwe
2556588,75,255,8/6/1994,South Florida,DE,Eric Lee
2560814,75,205,5/23/1995,Missouri,WR,J'Mon Moore
2560982,72,198,7/13/1995,Alabama,CB,Tony Brown
2495467,72,195,7/26/1988,Eastern Washington,RB,Taiwan Jones
2561029,71,180,1/14/1997,Texas Tech,WR,Keke Coutee
2558832,77,267,9/19/1993,Virginia Commonwealth,TE,Mo Alie-Cox
2556394,71,190,9/15/1992,Georgia Tech,CB,Chris Milton
2557995,72,207,3/9/1993,Florida,FS,Marcus Maye
2541864,75,245,11/7/1991,Columbia,OLB,Josh Martin
744,80,300,9/1/1986,Miami,DE,Calais Campbell
2532873,77,290,1/11/1990,Tennessee,DT,Malik Jackson
2553431,75,255,8/3/1994,Florida,OLB,Dante Fowler Jr.
2543563,72,230,10/7/1991,Boston College,ILB,Kevin Pierre-Louis
2559058,72,194,6/14/1995,Georgia,S,Maurice Smith
2539289,69,195,4/28/1989,Oregon,RB,Kenjon Barner
2543724,73,200,6/19/1991,Liberty,CB,Walt Aikens
2533436,79,240,11/22/1990,Arizona State,QB,Brock Osweiler
2556542,74,230,7/2/1992,Pittsburgh,LB,Nicholas Grigsby
494277,72,205,6/16/1988,Mississippi,FS,Kendrick Lewis
2533039,75,218,2/14/1990,South Carolina,WR,Alshon Jeffery
2540279,70,184,11/23/1990,Connecticut,WR,Nick Williams
2560795,69,184,3/31/1996,Pittsburgh,CB,Avonte Maddox
2530747,70,192,9/21/1988,Stanford,WR,Doug Baldwin
2558077,73,216,11/26/1995,Michigan,SS,Lano Hill
2543823,70,191,2/23/1992,Missouri,CB,E.J. Gaines
2535869,74,195,2/9/1988,Temple,WR,Rod Streater
2557922,74,215,11/16/1993,Iowa,QB,C.J. Beathard
2532790,70,175,12/29/1989,Miami,WR,Travis Benjamin
2558971,74,195,6/25/1994,Iowa,CB,Greg Mabin
2532431,73,234,2/11/1988,North Texas,OLB,Craig Robertson
2561317,73,191,4/6/1995,Bethune-Cookman,WR,Jawill Davis
71407,76,235,3/8/1986,Southern Methodist,P,Thomas Morstead
2541192,70,207,2/26/1990,Southern Methodist,SS,Chris Banjo
2556931,75,255,1/10/1993,Southern Methodist,LS,Zach Wood
2557906,75,246,7/2/1993,Wisconsin,LB,Vince Biegel
2559181,73,200,2/7/1994,Illinois,DB,Justin Hardee
2561206,72,202,1/18/1996,Mississippi State,DB,J.T. Gray
2533459,74,240,3/14/1988,Penn State,ILB,Nate Stupar
2560815,71,203,10/1/1996,Boston College,DB,Kam Moore
2561318,73,224,8/14/1996,Chattanooga,ILB,Tae Davis
2557862,77,300,8/25/1993,Michigan,DE,Chris Wormley
2561468,71,214,8/23/1995,Alcorn State,RB,De'Lance Turner
2559007,70,185,7/15/1994,Arizona State,WR,Tim White
2535613,72,232,1/3/1990,Northern Iowa,ILB,L.J. Fort
2553667,78,255,9/21/1992,Illinois,TE,Matt LaCosse
2552451,75,255,5/18/1993,Missouri,DE,Shane Ray
2558988,72,196,11/7/1993,Oklahoma State,CB,Lenzy Pipkins
238498,70,200,5/22/1986,Kent State,WR,Julian Edelman
2539280,74,260,10/14/1990,Ohio State,DE,John Simon
2559087,70,190,7/13/1993,Memphis,CB,Arthur Maulet
2533460,70,225,12/2/1989,Utah State,RB,Robert Turbin
2561131,73,202,11/3/1993,Central Arkansas,FS,George Odum
2561149,72,229,12/12/1995,Houston,ILB,Matthew Adams
2553817,74,200,1/28/1993,Georgia,SS,Corey Moore
2553562,73,208,7/25/1992,James Madison,DB,Dean Marlowe
2507374,76,210,6/29/1985,North Carolina State,K,Stephen Hauschka
2556526,74,235,3/24/1994,Louisiana State,LS,Reid Ferguson
2560840,75,307,1/25/1996,Stanford,DT,Harrison Phillips
2561574,72,208,9/13/1996,New Mexico,P,Corey Bojorquez
2558066,71,195,8/11/1996,Ohio State,WR,Curtis Samuel
2540152,73,215,12/10/1991,Louisiana State,SS,Eric Reid
2561624,75,248,12/30/1995,Northwestern,TE,Garrett Dickerson
2553499,69,180,1/27/1993,South Carolina,WR,Damiere Byrd
2533058,73,255,9/24/1990,Arizona State,OLB,Vontaze Burfict
2552403,75,252,8/31/1992,Florida State,TE,Nick O'Leary
2558864,77,252,11/4/1993,Buffalo,TE,Mason Schreck
2552321,75,245,7/28/1992,Clemson,MLB,Stephone Anthony
2560747,76,245,8/24/1993,South Carolina,TE,Hayden Hurst
2508107,74,210,7/26/1988,Colorado,CB,Jimmy Smith
2557965,76,272,12/29/1995,Texas A&M,DE,Myles Garrett
2559270,77,237,4/30/1994,Indiana State,TE,Robert Tonyan
2560883,77,214,9/30/1996,Notre Dame,WR,Equanimeous St. Brown
2558119,74,220,9/20/1994,North Carolina State,SS,Josh Jones
2556587,70,190,7/25/1994,Florida Atlantic,CB,Cre'von LeBlanc
2555542,73,190,8/2/1993,Penn State,FS,Jordan Lucas
2560808,73,209,6/20/1996,Stanford,CB,Quenton Meeks
2552272,78,301,8/3/1991,Stanford,DE,Henry Anderson
2561020,76,275,6/24/1996,North Carolina State,DE,Bradley Chubb
2553840,76,265,5/30/1992,"Albany, N.Y.",TE,Brian Parker
2555171,73,235,12/22/1992,Temple,ILB,Tyler Matakevich
2495136,74,240,2/19/1988,North Carolina,ILB,Bruce Carter
2560862,72,225,7/20/1996,North Carolina State,RB,Jaylen Samuels
2556443,72,198,10/14/1991,Florida Atlantic,SS,Sharrod Neasman
2505982,78,245,6/25/1981,Virginia,QB,Matt Schaub
2560897,75,244,7/21/1995,Florida State,LB,Matthew Thomas
2555394,73,215,2/22/1995,West Virginia,CB,Daryl Worley
2532870,74,247,4/26/1989,South Carolina,DE,Melvin Ingram
2532869,76,227,3/31/1990,Boise State,FS,George Iloka
2541741,73,240,11/3/1990,Virginia,MLB,LaRoy Reynolds
2558912,68,178,4/4/1995,Oregon State,WR,Victor Bolden
2532789,74,230,10/27/1989,Alabama,ILB,Mark Barron
2558886,75,256,11/22/1994,Washington,TE,Darrell Daniels
2534846,74,210,2/11/1990,Auburn,CB,Neiko Thorpe
2541388,75,211,1/29/1990,San Diego State,WR,Brice Butler
2540291,71,190,2/1/1991,South Florida,CB,Kayvon Webster
2495466,69,215,12/21/1989,Alabama,RB,Mark Ingram
2556404,75,205,11/11/1992,California,WR,Maurice Harris
2559385,78,220,3/15/1995,Wisconsin-Platteville,TE,Dan Arnold
2532841,74,220,11/27/1989,Notre Dame,WR,Michael Floyd
2550542,70,203,1/10/1993,Colorado State,RB,Kapri Bibbs
2533534,74,262,10/7/1990,Miami,DE,Olivier Vernon
2555366,74,206,5/31/1994,Northern Iowa,CB,Deiondre' Hall
2559260,72,200,12/21/1993,Shepherd,DB,Tre Sullivan
2556456,71,202,10/28/1992,Connecticut,FS,Andrew Adams
2541431,72,206,5/6/1991,Central Florida,FS,Kemal Ishmael
2507843,72,240,9/6/1987,Duke,OLB,Vincent Rey
2558786,70,200,7/27/1994,Houston,S,Brandon Wilson
2560839,70,190,6/26/1995,Western Michigan,CB,Darius Phillips
2541696,71,200,12/25/1990,Towson,S,Jordan Dangerfield
2561054,74,200,4/16/1995,Texas A&M,WR,Damion Ratley
2539335,75,221,10/10/1990,West Virginia,QB,Geno Smith
2560756,72,200,4/22/1996,Northwestern,RB,Justin Jackson
2560719,74,197,9/8/1994,Virginia Tech,CB,Brandon Facyson
2557931,73,200,11/19/1993,Clemson,CB,Cordrea Tankersley
2553655,73,202,10/9/1991,Virginia,FS,Anthony Harris
238227,73,221,6/10/1987,Ohio U.,FS,Mike Mitchell
2543712,71,205,3/2/1992,Florida State,SS,Terrence Brooks
2559263,76,254,11/14/1994,Texas,TE,Tyrone Swoopes
2560999,72,227,7/20/1995,Central Florida,LB,Shaquem Griffin
2506352,73,235,3/22/1983,Georgia,OLB,Thomas Davis
2558138,71,240,9/16/1995,Oklahoma,RB,Samaje Perine
2556550,70,190,1/23/1993,East Carolina,CB,Josh Hawkins
2559934,76,265,12/23/1994,Southern Methodist,DE,Justin Lawler
925,71,199,12/27/1986,Texas,RB,Jamaal Charles
2556543,77,265,2/4/1994,North Carolina State,TE,David Grinnage
2561324,73,238,4/13/1995,Rutgers,RB,Gus Edwards
2552259,73,197,3/27/1992,USC,CB,Josh Shaw
2495140,75,280,7/6/1988,Iowa,DE,Adrian Clayborn
2552278,74,265,8/16/1993,Arkansas,DE,Trey Flowers
2558924,77,300,4/12/1994,Vanderbilt,DT,Adam Butler
2507948,75,254,3/5/1987,Central Michigan,OLB,Frank Zombo
2550289,71,224,1/28/1992,Toledo,RB,David Fluellen
2561521,68,175,12/20/1995,Texas Tech,WR,Cameron Batson
2555414,75,291,3/20/1994,Michigan,DT,Willie Henry
2543765,79,300,5/5/1991,Virginia,DE,Brent Urban
2556650,72,345,11/6/1992,Samford,DT,Michael Pierce
2506546,78,235,6/15/1983,Oregon State,QB,Derek Anderson
2530700,75,205,1/31/1989,Virginia,WR,Dontrelle Inman
2543739,74,200,12/1/1991,North Carolina State,CB,Dontae Johnson
2560838,72,201,12/16/1995,Virginia Tech,WR,Cam Phillips
2552478,78,252,8/7/1991,Oklahoma,TE,Blake Bell
2543874,70,195,5/30/1992,Vanderbilt,FS,Andre Hal
2561152,73,229,6/17/1994,Arkansas,RB,Dave Williams
2555387,73,215,5/11/1993,Southern California,QB,Cody Kessler
2552425,71,186,9/23/1992,Florida State,WR,Rashad Greene
2558853,73,210,7/27/1993,Cincinnati,CB,Mike Tyson
2553554,79,265,12/27/1990,Eastern Kentucky,TE,Matt Lengel
2555547,71,196,10/19/1993,Notre Dame,CB,KeiVarae Russell
2555262,76,235,4/23/1993,Louisiana Tech,QB,Jeff Driskel
2561383,74,233,7/27/1995,Iowa,LB,Ben Niemann
2561417,73,195,5/16/1996,Middle Tennessee,CB,Charvarius Ward
2560967,74,231,12/22/1995,Arizona State,RB,Kalen Ballage
2552374,69,203,6/13/1993,Nebraska,RB,Ameer Abdullah
2558165,76,266,3/18/1994,Ohio,LB,Tarell Basham
2560985,72,186,10/4/1997,Southern California,WR,Deontay Burnett
2508007,70,175,9/30/1987,Minnesota,CB,Marcus Sherels
2555168,73,242,2/8/1993,Missouri,MLB,Kentrell Brothers
2543608,70,190,4/8/1991,Maryland,CB,Dexter McDougle
2552597,74,215,9/10/1993,Central Florida,WR,Breshad Perriman
2561022,74,238,5/5/1996,Wisconsin,LB,Jack Cichy
2555307,73,236,7/3/1993,Oklahoma,OLB,Devante Bond
2550767,75,190,2/4/1990,"California, Pa.",CB,C.J. Goodwin
2560948,76,258,4/1/1995,Louisville,OLB,Trevon Young
2558018,75,280,8/26/1995,Stanford,DE,Solomon Thomas
2559356,70,178,12/13/1994,Utah,CB,Dominique Hatfield
2561060,77,240,1/26/1995,San Diego,TE,Ross Dwelley
2550198,73,218,6/10/1991,Michigan State,WR,Bennie Fowler
2561001,69,190,1/6/1996,Penn State,CB,Grant Haley
2553719,74,225,1/23/1993,Boston College,OLB,Josh Keyes
2552602,74,305,10/16/1993,Rice,DT,Christian Covington
2555388,75,347,7/1/1994,Clemson,DT,D.J. Reader
2558241,72,238,5/27/1994,Ohio,OLB,Blair Brown
2561041,71,193,2/20/1995,Miami,CB,Dee Delaney
2553656,73,210,3/15/1993,Old Dominion,QB,Taylor Heinicke
2555546,74,177,7/23/1995,Louisiana State,CB,Rashard Robinson
2559287,75,254,6/9/1994,San Jose State,LB,Isaiah Irving
2560724,76,260,10/11/1994,Utah,LB,Kylie Fitts
2540176,78,281,7/31/1991,Michigan State,DE,William Gholston
496780,78,285,2/28/1989,Florida,DE,Carlos Dunlap
2556833,71,190,6/30/1994,Texas A&M,CB,De'Vante Harris
2561330,76,240,2/1/1996,Central Florida,HB,Jordan Franks
2495252,76,246,7/23/1989,Mississippi State,OLB,K.J. Wright
497224,76,250,7/25/1987,Oregon,TE,Ed Dickson
2561261,68,189,9/12/1995,Florida,WR,Brandon Powell
2559293,74,199,11/30/1993,Michigan,DB,Dymonte Thomas
2558129,68,173,4/9/1995,Georgia,WR,Isaiah McKenzie
2561461,71,202,2/26/1995,Tulane,RB,Dontrell Hilliard
2560819,71,205,10/16/1996,Wisconsin,CB,Nick Nelson
2560986,73,235,3/17/1996,Penn State,LB,Jason Cabinda
2532974,76,240,4/26/1989,Wake Forest,OLB,Kyle Wilber
2533538,77,265,2/27/1990,Syracuse,OLB,Chandler Jones
2542009,75,265,8/3/1991,Idaho,DE,Benson Mayowa
2553437,77,305,1/19/1992,Delaware State,DT,Rodney Gunter
2555336,76,314,9/19/1994,Mississippi,DT,Robert Nkemdiche
2556655,74,211,2/16/1994,Ohio State,DB,Tyvis Powell
2558273,71,195,9/3/1994,North Carolina,RB,T.J. Logan
2553583,76,293,8/27/1991,Miami,DT,Olsen Pierre
2561207,71,197,2/2/1995,James Madison,FS,Raven Greene
2560731,76,288,9/26/1996,Stephen F. Austin,DE,John Franklin-Myers
496790,75,273,12/22/1987,Southern California,DE,Everson Griffen
496802,76,329,10/10/1988,East Carolina,DT,Linval Joseph
2506779,75,288,8/30/1984,Southern Mississippi,DT,Tom Johnson
2555529,77,265,3/19/1994,Vanderbilt,DE,Stephen Weatherly
2535867,73,230,9/2/1990,Wagner,ILB,Julian Stanford
496961,74,245,3/3/1988,Florida State,OLB,Dekoda Watson
2558979,73,210,3/21/1995,Southern Mississippi,QB,Nick Mullens
2543497,75,220,9/13/1990,Alabama,QB,AJ McCarron
2555464,68,210,2/22/1993,Texas Tech,RB,DeAndre Washington
2561006,72,208,6/9/1994,Florida,FS,Marcell Harris
2558167,75,216,1/26/1995,Tennessee,QB,Joshua Dobbs
2558975,70,192,10/21/1993,Virginia,WR,Taquan Mizzell
2507731,73,240,7/31/1985,Florida State,LS,Garrison Sanborn
2533000,75,205,10/6/1988,California,P,Bryan Anger
2558923,74,228,11/23/1993,Michigan State,LB,Riley Bullough
2531080,76,240,4/17/1988,Fresno State,OLB,Ben Jacobs
2555270,79,275,4/12/1993,Penn State,OLB,Carl Nassib
2553736,72,185,3/31/1993,Coastal Carolina,DB,Denzel Rice
2558289,73,228,12/16/1994,Boise State,LB,Tanner Vallejo
2561278,70,205,3/11/1996,Ferris State,CB,Tavierre Thomas
2557934,70,214,6/1/1994,Louisiana-Lafayette,RB,Elijah McGuire
2561147,72,185,9/22/1995,Southern Mississippi,CB,Cornell Armstrong
2561482,70,185,6/1/1994,Northern Illinois,WR,Chad Beebe
2556569,73,215,6/28/1994,Jacksonville,WR,Andy Jones
2555240,75,310,1/11/1994,Temple,DE,Matthew Ioannidis
2557872,74,265,11/2/1995,UCLA,DE,Takkarist McKinley
2555345,73,224,7/7/1995,USC,DB,Su'a Cravens
2560976,73,223,7/26/1995,Washington,LB,Keishawn Bierria
2559485,72,198,11/1/1994,Washington State,WR,River Cracraft
2543571,71,195,1/30/1992,Clemson,CB,Bashaud Breeland
2543650,77,285,2/8/1993,South Florida,OLB,Aaron Lynch
2553631,71,224,9/13/1991,South Dakota,RB,Zach Zenner
2561224,75,210,12/26/1994,Temple,WR,Keith Kirkwood
2495184,76,287,7/10/1989,California,DE,Cameron Jordan
2560890,77,228,2/3/1997,Florida State,WR,Auden Tate
2556118,73,223,4/24/1994,Washington,RB,Dwayne Washington
2533542,70,200,1/8/1991,Central Florida,CB,Josh Robinson
2543465,74,215,11/10/1992,Louisville,QB,Teddy Bridgewater
2555215,73,215,1/24/1994,Rutgers,WR,Leonte Carroo
2522602,73,243,7/6/1985,Western Washington,LS,Matt Overton
2539230,76,318,9/8/1991,Georgia,NT,Abry Jones
2553833,72,215,11/19/1990,Texas A&M,K,Josh Lambo
2561161,77,200,7/28/1995,Mississippi State,P,Logan Cooke
2561272,73,219,2/26/1996,Vanderbilt,WR,Trent Sherfield
2550257,74,208,3/5/1990,Brigham Young,SS,Daniel Sorensen
71435,77,251,6/11/1987,Virginia,TE,John Phillips
2560914,72,179,6/12/1995,Alabama,CB,Levi Wallace
2505076,76,218,7/4/1979,Sam Houston State,QB,Josh McCown
2539308,74,234,9/8/1990,Southern California,QB,Matt Barkley
2541848,75,235,7/18/1990,West Alabama,OLB,Deon Lacey
2542246,71,224,10/27/1990,California-Davis,P,Colton Schmidt
2556714,75,259,4/24/1993,Wyoming,DE,Eddie Yarbrough
2540287,72,203,11/25/1988,California (PA),FS,Rontez Miles
2556614,75,252,11/17/1992,Auburn,LB,Cassanova McKinzy
81294,74,215,10/13/1985,Michigan State,QB,Brian Hoyer
2552313,72,235,4/18/1992,USC,MLB,Hayes Pullard
2558091,74,225,1/6/1996,Ohio State,WR,Noah Brown
2560887,71,189,8/7/1996,Georgia State,CB,Chandon Sullivan
2555333,71,185,7/6/1994,Baylor,WR,Corey Coleman
2557987,69,205,9/3/1994,North Carolina State,RB,Matt Dayes
2561671,74,200,1/30/1996,Illinois,WR,Malik Turner
2558274,72,202,8/5/1994,Washington State,FS,Shalom Luani
2558144,78,257,10/24/1994,Ashland,TE,Adam Shaheen
2561527,72,198,8/4/1995,Southeast Missouri,CB,Mike Ford
79583,74,309,11/23/1986,LSU,DT,Ricky Jean Francois
2535718,75,350,11/29/1988,William Penn,DT,Damon Harrison
2552375,70,215,6/23/1990,Auburn,RB,Cameron Artis-Payne
2530474,75,260,9/6/1987,Troy,DE,Mario Addison
2540159,72,246,12/3/1990,Louisiana State,MLB,Kevin Minter
2560847,72,200,12/7/1995,Southern Methodist,WR,Trey Quinn
2556841,69,215,2/13/1994,Oregon,RB,Byron Marshall
497123,73,212,9/5/1986,Texas,QB,Colt McCoy
2560961,76,216,9/16/1994,Oklahoma State,WR,Marcell Ateman
2532878,70,194,3/30/1990,Iowa State,CB,Leonard Johnson
2561300,74,208,3/17/1996,Penn State,WR,Saeed Blacknall
2550364,73,250,8/13/1990,Iowa,LS,Casey Kreiter
2559200,72,231,2/21/1994,Northwestern,LB,Joe Jones
2560944,73,213,4/19/1995,California-Davis,P,Colby Wadman
2553877,73,240,8/15/1991,Cal Poly,ILB,Nick Dzubnar
2558303,74,210,1/3/1991,Emporia State,CB,Jeff Richards
2559197,72,232,2/10/1995,Weber State,LB,Tre'Von Johnson
2553790,74,190,1/15/1993,Pittsburg State,CB,DeVante Bausby
2552396,77,258,4/9/1993,Notre Dame,TE,Ben Koyack
2561003,72,235,9/11/1995,Alabama,LB,Shaun Dion Hamilton
2558112,73,219,11/9/1995,Wyoming,HB,Brian Hill
2556805,75,190,8/22/1991,Cincinnati,WR,Johnny Holton
2558950,73,215,9/11/1994,Arkansas,WR,Keon Hatcher
2541302,73,336,2/21/1989,Missouri Southern,DT,Brandon Williams
2495228,75,268,5/10/1989,Pittsburgh,DE,Jabaal Sheard
2539310,80,295,7/14/1987,Southern Methodist,DT,Margus Hunt
2550646,77,285,7/15/1990,Mississippi State,DT,Denico Autry
2560791,75,277,1/30/1995,Ohio State,DT,Tyquan Lewis
2558189,76,224,4/5/1994,Connecticut,DB,Obi Melifonwu
2550313,76,257,1/22/1992,California,TE,Richard Rodgers
2560938,72,194,11/16/1995,North Texas,RB,Jeff Wilson
2540170,73,205,12/8/1991,North Carolina State,CB,David Amerson
2508109,77,295,5/6/1989,Ohio State,DT,Cameron Heyward
2550545,74,185,3/16/1991,Rice,K,Chris Boswell
2553348,77,195,3/18/1991,Eastern Kentucky,P,Jordan Berry
2556421,76,245,8/20/1992,Portland State,LS,Kameron Canaday
2506969,73,222,8/13/1982,Nebraska,P,Sam Koch
2508008,76,233,4/26/1986,Tennessee,LS,Morgan Cox
2533033,74,213,2/12/1990,Baylor,QB,Robert Griffin III
2555419,71,207,3/7/1995,South Carolina,WR,Pharoh Cooper
2553548,76,209,2/17/1992,Wisconsin-Whitewater,WR,Jake Kumerow
2532928,70,210,12/17/1988,Oregon,SS,Eddie Pleasant
2552273,75,260,3/13/1991,Missouri,OLB,Markus Golden
2558071,74,195,2/9/1996,Virginia Tech,WR,Isaiah Ford
2558097,74,239,4/27/1994,Georgia Southern,ILB,Ukeme Eligwe
2552427,74,192,7/2/1992,Michigan State,CB,Tony Lippett
2560950,73,248,9/12/1997,Toledo,OLB,Ola Adeniyi
2560956,74,215,8/7/1996,Penn State,DB,Marcus Allen
2559013,69,186,1/25/1995,Florida State,WR,Bobo Wilson
2559066,75,208,2/24/1993,Alabama,WR,Gehrig Dieter
89758,74,297,1/6/1987,Memphis,DT,Clinton McDonald
2556440,70,195,8/15/1993,Arkansas State,RB,J.D. McKissic
2561644,75,205,11/7/1996,Virginia Tech,CB,Adonis Alexander
79858,74,232,11/11/1986,USC,QB,Mark Sanchez
2540163,74,315,12/28/1989,LSU,NT,Bennie Logan
2552326,75,320,12/14/1991,Maryland,DT,Darius Kilgo
2556368,76,314,5/8/1994,Penn State,NT,Austin Johnson
2561042,75,251,1/27/1995,North Dakota State,LB,Nick DeLuca
2543717,75,252,1/17/1993,Georgia Tech,OLB,Jeremiah Attaochu
2553900,77,247,5/26/1992,James Madison,TE,Daniel Brown
2533433,76,352,11/16/1989,"Regina, Can.",DT,Akiem Hicks
2555335,75,296,10/22/1993,Florida,DE,Jonathan Bullard
2560821,75,313,9/14/1996,Delaware,DT,Bilal Nichols
2555545,71,186,12/28/1993,Mississippi State,S,Will Redmond
2560935,71,224,4/15/1995,Louisiana State,RB,Darrel Williams
2532797,71,220,1/26/1990,Mississippi,RB,Brandon Bolden
2561316,70,185,2/2/1996,Utah State,CB,Jalen Davis
264,75,219,5/15/1986,San Diego,QB,Josh Johnson
2560786,74,219,3/17/1995,Richmond,QB,Kyle Lauletta
2560762,74,240,11/15/1996,Texas,LB,Malik Jefferson
2558284,73,245,3/9/1994,Utah,LB,Pita Taumoepenu
2561279,75,210,12/30/1995,Arkansas-Monticello,WR,Jalen Tolliver
2561283,74,214,6/9/1996,Washington,LB,Zeke Turner
2495229,74,249,1/2/1988,LSU,MLB,Kelvin Sheppard
2552408,78,255,9/13/1992,Georgia Tech,TE,Darren Waller
496723,72,212,12/29/1988,Tennessee,SS,Eric Berry
2550268,70,205,6/2/1991,Abilene Christian,RB,Charcandrick West
2550242,76,332,5/9/1991,Colorado State-Pueblo,DT,Mike Pennel
2560743,74,249,9/27/1995,Auburn,LB,Jeff Holland
2556371,72,200,9/9/1992,Texas A&M,CB,Brandon Williams
2539275,79,225,12/12/1989,North Carolina State,QB,Mike Glennon
2551359,75,250,5/25/1991,Southern Connecticut State,TE,Jerome Cunningham
2559880,70,219,4/18/1994,Texas A&M,RB,Keith Ford
2561107,73,222,12/23/1993,Louisiana State,LB,Corey Thompson
2543503,78,259,12/22/1990,Stanford,DE,Trent Murphy
2555218,72,239,10/26/1993,Northwestern,FB,Danny Vitale
2558858,71,195,6/25/1994,Auburn,CB,Joshua Holsey
2561329,78,265,3/26/1995,Pittsburgh,TE,Matt Flanagan
2541135,74,203,6/6/1989,Texas Tech,FS,Cody Davis
2495485,76,257,5/18/1990,North Carolina,DE,Robert Quinn
2550365,72,200,6/23/1992,Vanderbilt,S,Kenny Ladler
2553737,70,187,12/23/1992,Louisville,WR,Eli Rogers
2559163,73,199,11/11/1995,USC,RB,Justin Davis
2560777,70,205,10/4/1996,Tennessee,RB,John Kelly
2553442,74,233,9/30/1991,Oregon State,OLB,D.J. Alexander
2559141,75,229,10/31/1994,Illinois State,MLB,B.J. Bello
2505010,79,295,1/18/1980,North Carolina,DE,Julius Peppers
2539296,75,315,2/2/1989,Purdue,DT,Kawann Short
2507837,73,310,11/18/1986,Mississippi State,NT,Kyle Love
2559037,72,227,12/15/1994,Oklahoma,ILB,Ahmad Thomas
2552317,72,232,5/25/1991,Penn State,MLB,Mike Hull
2561177,75,211,3/8/1996,Houston,QB,Kyle Allen
496796,74,254,8/13/1988,Texas Christian,DE,Jerry Hughes
2557994,73,236,4/24/1996,Texas,RB,D'Onta Foreman
2555427,78,227,10/7/1993,Indiana,QB,Nate Sudfeld
2555486,77,245,7/30/1993,South Carolina State,TE,Temarrick Hemingway
2560779,77,240,5/3/1996,Louisiana State,DE,Arden Key
2561403,72,205,8/8/1995,Fresno State,WR,Da'Mari Scott
2506931,73,303,6/10/1983,Louisiana State,DT,Kyle Williams
2505801,76,258,8/17/1981,Texas A&M,LS,Don Muhlbach
2506677,70,201,8/10/1984,Central Florida,K,Matt Prater
2541311,73,211,2/27/1990,Appalachian State,P,Sam Martin
2560783,75,205,1/28/1996,Oklahoma State,WR,Chris Lacy
2560787,77,227,12/11/1995,Iowa State,WR,Allen Lazard
2561585,70,195,8/8/1994,Utah State,DB,Dallin Leavitt
252,75,222,7/2/1985,Michigan,QB,Chad Henne
2558819,74,188,12/4/1994,Mississippi,CB,Derrick Jones
2552397,76,252,10/1/1991,Miami,TE,Clive Walford
2557850,67,208,11/24/1992,Coastal Carolina,RB,De'Angelo Henderson Sr.
2556530,71,190,8/30/1993,Memphis,WR,Mose Frazier
2535890,73,210,2/1/1989,Appalachian State,RB,Travaris Cadet
2560875,72,240,4/20/1997,North Carolina,LB,Andre Smith
2549982,76,230,7/1/1991,Southern Methodist,QB,Garrett Gilbert
2556273,72,230,12/1/1993,Eastern Michigan,RB,Darius Jackson
2556672,76,218,9/29/1992,Toledo,WR,Alonzo Russell
2550647,74,253,8/17/1989,Boston College,OLB,Kasim Edebali
2552379,72,211,12/6/1991,Michigan State,RB,Jeremy Langford
496816,76,300,2/25/1988,Oklahoma,DT,Gerald McCoy
496843,77,275,1/1/1989,South Florida,OLB,Jason Pierre-Paul
2532825,75,279,6/30/1988,Marshall,DE,Vinny Curry
2560909,76,347,2/5/1995,Washington,DT,Vita Vea
2560716,74,237,10/13/1996,Western Michigan,TE,Donnie Ernsberger
2561359,72,180,3/19/1995,Texas Southern,WR,Darvin Kidsy
2561394,71,205,8/29/1996,South Alabama,DB,Jeremy Reaves
2541903,73,220,4/18/1990,Oklahoma,P,Tress Way
2543725,75,258,3/31/1992,Louisville,LB,Marcus Smith
2553798,74,235,9/17/1991,Vanderbilt,LS,Andrew East
2556814,74,200,5/17/1994,Duke,WR,Max McCaffrey
2552576,78,231,4/25/1992,Oregon State,QB,Sean Mannion
2561469,69,187,3/15/1993,Alabama-Birmingham,CB,Darious Williams
2558095,74,196,10/12/1995,LSU,WR,Malachi Dupre